state,window_date,window_days,winning_size,frequency,population_variance
ANDAMAN & NICOBAR,2022-04-02,10,M,1,0.0
ANDAMAN & NICOBAR,2022-04-03,10,S,2,5700.25
ANDAMAN & NICOBAR,2022-04-04,10,S,3,76126.8888888889
ANDAMAN & NICOBAR,2022-04-05,10,XS,3,10072.888888888876
ANDAMAN & NICOBAR,2022-04-06,10,XS,3,10072.888888888876
ANDAMAN & NICOBAR,2022-04-07,10,S,4,57160.5
ANDAMAN & NICOBAR,2022-04-08,10,XL,4,23102.75
ANDAMAN & NICOBAR,2022-04-09,10,XL,5,18957.440000000002
ANDAMAN & NICOBAR,2022-04-10,10,XL,5,18957.440000000002
ANDAMAN & NICOBAR,2022-04-11,10,XL,5,18957.440000000002
ANDAMAN & NICOBAR,2022-04-12,10,XL,5,18957.440000000002
ANDAMAN & NICOBAR,2022-04-13,10,XXL,5,29763.840000000026
ANDAMAN & NICOBAR,2022-04-14,10,XXL,5,27159.03999999998
ANDAMAN & NICOBAR,2022-04-15,10,XXL,8,29638.859375
ANDAMAN & NICOBAR,2022-04-16,10,XXL,9,50655.77777777775
ANDAMAN & NICOBAR,2022-04-17,10,XXL,8,56751.359375
ANDAMAN & NICOBAR,2022-04-18,10,XXL,8,56751.359375
ANDAMAN & NICOBAR,2022-04-19,10,XXL,7,52967.67346938775
ANDAMAN & NICOBAR,2022-04-20,10,XXL,6,61278.47222222219
ANDAMAN & NICOBAR,2022-04-21,10,XL,6,27454.333333333314
ANDAMAN & NICOBAR,2022-04-22,10,XL,7,24355.632653061184
ANDAMAN & NICOBAR,2022-04-23,10,XL,7,24355.632653061184
ANDAMAN & NICOBAR,2022-04-24,10,XL,7,24355.632653061184
ANDAMAN & NICOBAR,2022-04-25,10,XL,7,24355.632653061184
ANDAMAN & NICOBAR,2022-04-26,10,XL,6,26933.47222222219
ANDAMAN & NICOBAR,2022-04-27,10,XL,6,24984.805555555533
ANDAMAN & NICOBAR,2022-04-28,10,XL,6,24984.805555555533
ANDAMAN & NICOBAR,2022-04-29,10,S,5,47203.75999999989
ANDAMAN & NICOBAR,2022-04-30,10,XXL,4,38710.6875
ANDAMAN & NICOBAR,2022-05-01,10,XXL,4,38710.6875
ANDAMAN & NICOBAR,2022-05-02,10,3XL,4,138258.1875
ANDAMAN & NICOBAR,2022-05-03,10,S,3,64784.22222222213
ANDAMAN & NICOBAR,2022-05-04,10,3XL,4,109996.6875
ANDAMAN & NICOBAR,2022-05-05,10,M,5,131384.16000000003
ANDAMAN & NICOBAR,2022-05-06,10,3XL,5,88107.59999999998
ANDAMAN & NICOBAR,2022-05-07,10,3XL,6,83926.47222222225
ANDAMAN & NICOBAR,2022-05-08,10,3XL,6,83926.47222222225
ANDAMAN & NICOBAR,2022-05-09,10,3XL,6,52635.88888888899
ANDAMAN & NICOBAR,2022-05-10,10,3XL,6,17534.47222222213
ANDAMAN & NICOBAR,2022-05-11,10,3XL,6,17534.47222222213
ANDAMAN & NICOBAR,2022-05-12,10,3XL,8,28973.9375
ANDAMAN & NICOBAR,2022-05-13,10,3XL,8,28973.9375
ANDAMAN & NICOBAR,2022-05-14,10,XL,8,137883.5
ANDAMAN & NICOBAR,2022-05-15,10,3XL,7,27449.551020408282
ANDAMAN & NICOBAR,2022-05-16,10,XL,8,141916.484375
ANDAMAN & NICOBAR,2022-05-17,10,XL,8,141916.484375
ANDAMAN & NICOBAR,2022-05-18,10,XXL,8,42101.859375
ANDAMAN & NICOBAR,2022-05-19,10,M,9,53843.35802469138
ANDAMAN & NICOBAR,2022-05-20,10,M,9,53843.35802469138
ANDAMAN & NICOBAR,2022-05-21,10,M,9,53843.35802469138
ANDAMAN & NICOBAR,2022-05-22,10,M,8,12045.359375
ANDAMAN & NICOBAR,2022-05-23,10,M,7,13270.0
ANDAMAN & NICOBAR,2022-05-24,10,M,7,13270.0
ANDAMAN & NICOBAR,2022-05-25,10,M,7,11582.244897959172
ANDAMAN & NICOBAR,2022-05-26,10,M,7,11582.244897959172
ANDAMAN & NICOBAR,2022-05-27,10,M,7,11582.244897959172
ANDAMAN & NICOBAR,2022-05-28,10,XL,7,9520.530612244911
ANDAMAN & NICOBAR,2022-05-29,10,XL,7,9520.530612244911
ANDAMAN & NICOBAR,2022-05-30,10,XL,6,2250.0
ANDAMAN & NICOBAR,2022-05-31,10,XL,5,1747.4400000000023
ANDAMAN & NICOBAR,2022-06-01,10,XL,4,2136.25
ANDAMAN & NICOBAR,2022-06-02,10,XL,4,2136.25
ANDAMAN & NICOBAR,2022-06-03,10,XL,4,2136.25
ANDAMAN & NICOBAR,2022-06-04,10,L,5,100617.20000000001
ANDAMAN & NICOBAR,2022-06-05,10,L,5,100617.20000000001
ANDAMAN & NICOBAR,2022-06-06,10,L,6,92528.22222222219
ANDAMAN & NICOBAR,2022-06-07,10,XXL,6,201849.0
ANDAMAN & NICOBAR,2022-06-08,10,L,6,98024.58333333331
ANDAMAN & NICOBAR,2022-06-09,10,M,7,22056.53061224491
ANDAMAN & NICOBAR,2022-06-10,10,XXL,7,173072.693877551
ANDAMAN & NICOBAR,2022-06-11,10,XXL,7,173072.693877551
ANDAMAN & NICOBAR,2022-06-12,10,L,7,115523.6326530613
ANDAMAN & NICOBAR,2022-06-13,10,L,7,115523.6326530613
ANDAMAN & NICOBAR,2022-06-14,10,M,5,22199.760000000068
ANDAMAN & NICOBAR,2022-06-15,10,XS,9,55373.061728395
ANDAMAN & NICOBAR,2022-06-16,10,XS,9,54602.00000000006
ANDAMAN & NICOBAR,2022-06-17,10,XS,9,54602.00000000006
ANDAMAN & NICOBAR,2022-06-18,10,XS,9,54602.00000000006
ANDAMAN & NICOBAR,2022-06-19,10,XS,9,54602.00000000006
ANDAMAN & NICOBAR,2022-06-20,10,XS,8,59886.6875
ANDAMAN & NICOBAR,2022-06-21,10,XS,8,59886.6875
ANDAMAN & NICOBAR,2022-06-22,10,M,9,19745.99999999994
ANDAMAN & NICOBAR,2022-06-23,10,M,11,19266.809917355422
ANDAMAN & NICOBAR,2022-06-24,10,M,12,21311.833333333314
ANDAMAN & NICOBAR,2022-06-25,10,M,11,22257.5371900826
ANDAMAN & NICOBAR,2022-06-26,10,M,11,28999.603305785102
ANDAMAN & NICOBAR,2022-06-27,10,M,13,32321.786982248537
ANDAMAN & NICOBAR,2022-06-28,10,M,12,30821.25
ANDAMAN & NICOBAR,2022-06-29,10,M,12,33482.805555555504
ANDAMAN & NICOBAR,2022-06-30,10,M,12,33482.805555555504
ANDAMAN & NICOBAR,2022-07-01,10,M,10,30583.0
ANDAMAN & NICOBAR,2022-07-02,10,M,8,33825.6875
ANDAMAN & NICOBAR,2022-07-03,10,M,6,18833.472222222248
ANDAMAN & NICOBAR,2022-07-04,10,M,4,5843.1875
ANDAMAN & NICOBAR,2022-07-05,10,M,4,5843.1875
ANDAMAN & NICOBAR,2022-07-06,10,M,3,7410.666666666657
ANDAMAN & NICOBAR,2022-07-07,10,M,1,0.0
ANDAMAN & NICOBAR,2022-07-08,10,M,1,0.0
ANDHRA PRADESH,2022-04-01,10,3XL,1,0.0
ANDHRA PRADESH,2022-04-02,10,M,12,119697.0
ANDHRA PRADESH,2022-04-03,10,M,18,105505.05246913579
ANDHRA PRADESH,2022-04-04,10,M,28,118486.26530612237
ANDHRA PRADESH,2022-04-05,10,M,35,100668.86204081622
ANDHRA PRADESH,2022-04-06,10,M,42,120955.40419501136
ANDHRA PRADESH,2022-04-07,10,XXL,52,78767.07248520711
ANDHRA PRADESH,2022-04-08,10,XXL,63,84819.808515999
ANDHRA PRADESH,2022-04-09,10,L,71,43751.00337234681
ANDHRA PRADESH,2022-04-10,10,L,83,55980.24415735237
ANDHRA PRADESH,2022-04-11,10,L,95,59581.42936288088
ANDHRA PRADESH,2022-04-12,10,L,98,64972.0566430653
ANDHRA PRADESH,2022-04-13,10,L,98,64787.92263640155
ANDHRA PRADESH,2022-04-14,10,L,97,81668.45382080978
ANDHRA PRADESH,2022-04-15,10,L,97,83839.47539589752
ANDHRA PRADESH,2022-04-16,10,L,102,83439.25999615528
ANDHRA PRADESH,2022-04-17,10,L,95,87648.59102493076
ANDHRA PRADESH,2022-04-18,10,L,95,90331.6946260389
ANDHRA PRADESH,2022-04-19,10,L,95,90885.12975069246
ANDHRA PRADESH,2022-04-20,10,L,93,79426.093883686
ANDHRA PRADESH,2022-04-21,10,L,98,71416.06466055807
ANDHRA PRADESH,2022-04-22,10,L,103,58852.086718823586
ANDHRA PRADESH,2022-04-23,10,XL,107,63014.62380993966
ANDHRA PRADESH,2022-04-24,10,L,112,54357.703364158166
ANDHRA PRADESH,2022-04-25,10,L,115,56409.026843100146
ANDHRA PRADESH,2022-04-26,10,L,110,57313.662892562046
ANDHRA PRADESH,2022-04-27,10,L,113,57719.381940637424
ANDHRA PRADESH,2022-04-28,10,L,117,57735.21776608954
ANDHRA PRADESH,2022-04-29,10,L,111,56366.14722830936
ANDHRA PRADESH,2022-04-30,10,L,113,56140.28757146222
ANDHRA PRADESH,2022-05-01,10,M,104,68975.58866494079
ANDHRA PRADESH,2022-05-02,10,M,107,63898.42047340382
ANDHRA PRADESH,2022-05-03,10,M,112,77515.03954081639
ANDHRA PRADESH,2022-05-04,10,M,109,86120.98392391216
ANDHRA PRADESH,2022-05-05,10,M,99,85444.66625854501
ANDHRA PRADESH,2022-05-06,10,L,102,40662.50365244137
ANDHRA PRADESH,2022-05-07,10,L,106,51455.44677821291
ANDHRA PRADESH,2022-05-08,10,XL,103,58865.905174851534
ANDHRA PRADESH,2022-05-09,10,L,111,81558.35711387062
ANDHRA PRADESH,2022-05-10,10,L,104,86482.34532174555
ANDHRA PRADESH,2022-05-11,10,L,104,86398.40976331366
ANDHRA PRADESH,2022-05-12,10,L,97,88852.82452970557
ANDHRA PRADESH,2022-05-13,10,L,90,94687.80802469136
ANDHRA PRADESH,2022-05-14,10,L,89,113012.51483398565
ANDHRA PRADESH,2022-05-15,10,L,82,134805.64500297437
ANDHRA PRADESH,2022-05-16,10,L,81,134608.7846364883
ANDHRA PRADESH,2022-05-17,10,L,78,128727.02843524003
ANDHRA PRADESH,2022-05-18,10,L,78,133017.88691650232
ANDHRA PRADESH,2022-05-19,10,L,73,110080.0480390318
ANDHRA PRADESH,2022-05-20,10,L,78,105132.2241946088
ANDHRA PRADESH,2022-05-21,10,L,75,104991.68462222221
ANDHRA PRADESH,2022-05-22,10,L,79,106130.98573946493
ANDHRA PRADESH,2022-05-23,10,L,73,109033.4708200412
ANDHRA PRADESH,2022-05-24,10,L,69,89488.85864314222
ANDHRA PRADESH,2022-05-25,10,L,67,82933.37758966367
ANDHRA PRADESH,2022-05-26,10,M,66,73051.66574839299
ANDHRA PRADESH,2022-05-27,10,M,68,71982.75173010386
ANDHRA PRADESH,2022-05-28,10,M,72,79380.3047839505
ANDHRA PRADESH,2022-05-29,10,M,74,85424.24543462374
ANDHRA PRADESH,2022-05-30,10,M,68,85588.96777681657
ANDHRA PRADESH,2022-05-31,10,M,78,89358.2504930966
ANDHRA PRADESH,2022-06-01,10,M,86,81118.70267712272
ANDHRA PRADESH,2022-06-02,10,M,91,85417.67202028743
ANDHRA PRADESH,2022-06-03,10,M,89,78405.15061229636
ANDHRA PRADESH,2022-06-04,10,M,89,81787.47405630606
ANDHRA PRADESH,2022-06-05,10,L,84,83085.33829365083
ANDHRA PRADESH,2022-06-06,10,L,89,96614.75293523556
ANDHRA PRADESH,2022-06-07,10,L,98,91329.7043940025
ANDHRA PRADESH,2022-06-08,10,L,108,89898.06550068589
ANDHRA PRADESH,2022-06-09,10,L,112,85012.5634566326
ANDHRA PRADESH,2022-06-10,10,L,110,78039.42685950414
ANDHRA PRADESH,2022-06-11,10,L,104,80313.69822485204
ANDHRA PRADESH,2022-06-12,10,L,109,87255.43354936456
ANDHRA PRADESH,2022-06-13,10,L,113,80736.99898190936
ANDHRA PRADESH,2022-06-14,10,L,113,79651.54812436376
ANDHRA PRADESH,2022-06-15,10,L,112,74641.8545918368
ANDHRA PRADESH,2022-06-16,10,L,104,72290.52135724848
ANDHRA PRADESH,2022-06-17,10,M,101,66504.45034800505
ANDHRA PRADESH,2022-06-18,10,M,99,65010.747678808344
ANDHRA PRADESH,2022-06-19,10,M,97,70691.37634180038
ANDHRA PRADESH,2022-06-20,10,L,98,91594.81226572255
ANDHRA PRADESH,2022-06-21,10,M,106,66743.33570665726
ANDHRA PRADESH,2022-06-22,10,L,102,87980.1192810458
ANDHRA PRADESH,2022-06-23,10,L,98,92758.9991670138
ANDHRA PRADESH,2022-06-24,10,L,100,104825.00039999996
ANDHRA PRADESH,2022-06-25,10,L,98,110322.29695960012
ANDHRA PRADESH,2022-06-26,10,L,99,101202.77685950423
ANDHRA PRADESH,2022-06-27,10,L,99,101687.25272931322
ANDHRA PRADESH,2022-06-28,10,L,90,105176.57580246922
ANDHRA PRADESH,2022-06-29,10,M,90,74033.39061728393
ANDHRA PRADESH,2022-06-30,10,M,84,75080.12287414965
ANDHRA PRADESH,2022-07-01,10,M,69,83264.35076664563
ANDHRA PRADESH,2022-07-02,10,M,67,85004.10425484518
ANDHRA PRADESH,2022-07-03,10,M,57,86704.13173284079
ANDHRA PRADESH,2022-07-04,10,M,49,81000.76801332773
ANDHRA PRADESH,2022-07-05,10,M,32,58792.55859375
ANDHRA PRADESH,2022-07-06,10,M,26,57106.27366863913
ANDHRA PRADESH,2022-07-07,10,M,19,54166.58725761768
ANDHRA PRADESH,2022-07-08,10,M,11,49496.446280991775
ANDHRA PRADESH,2022-07-09,10,S,3,152813.55555555556
AR,2022-05-31,10,L,1,0.0
AR,2022-06-01,10,L,1,0.0
AR,2022-06-02,10,L,1,0.0
AR,2022-06-03,10,L,1,0.0
AR,2022-06-04,10,L,1,0.0
AR,2022-06-05,10,L,1,0.0
AR,2022-06-06,10,L,1,0.0
AR,2022-06-07,10,L,1,0.0
AR,2022-06-08,10,L,1,0.0
AR,2022-06-09,10,L,1,0.0
ARUNACHAL PRADESH,2022-04-02,10,S,2,55696.0
ARUNACHAL PRADESH,2022-04-03,10,L,2,0.0
ARUNACHAL PRADESH,2022-04-04,10,3XL,3,1646.0
ARUNACHAL PRADESH,2022-04-05,10,3XL,3,1646.0
ARUNACHAL PRADESH,2022-04-06,10,XS,5,84450.56000000006
ARUNACHAL PRADESH,2022-04-07,10,XS,6,73984.55555555562
ARUNACHAL PRADESH,2022-04-08,10,XS,6,73984.55555555562
ARUNACHAL PRADESH,2022-04-09,10,XS,6,73984.55555555562
ARUNACHAL PRADESH,2022-04-10,10,XS,6,73984.55555555562
ARUNACHAL PRADESH,2022-04-11,10,XS,6,73984.55555555562
ARUNACHAL PRADESH,2022-04-12,10,XS,6,73984.55555555562
ARUNACHAL PRADESH,2022-04-13,10,XS,7,65188.40816326521
ARUNACHAL PRADESH,2022-04-14,10,XS,5,50528.55999999994
ARUNACHAL PRADESH,2022-04-15,10,XS,6,71183.91666666663
ARUNACHAL PRADESH,2022-04-16,10,S,6,7453.138888888934
ARUNACHAL PRADESH,2022-04-17,10,S,6,7453.138888888934
ARUNACHAL PRADESH,2022-04-18,10,S,6,7453.138888888934
ARUNACHAL PRADESH,2022-04-19,10,S,6,7453.138888888934
ARUNACHAL PRADESH,2022-04-20,10,S,5,8168.560000000056
ARUNACHAL PRADESH,2022-04-21,10,S,5,8168.560000000056
ARUNACHAL PRADESH,2022-04-22,10,S,5,8168.560000000056
ARUNACHAL PRADESH,2022-04-23,10,S,5,8168.560000000056
ARUNACHAL PRADESH,2022-04-24,10,S,5,8168.560000000056
ARUNACHAL PRADESH,2022-04-25,10,M,3,12846.888888888876
ARUNACHAL PRADESH,2022-04-26,10,M,5,20265.360000000044
ARUNACHAL PRADESH,2022-04-27,10,M,5,20265.360000000044
ARUNACHAL PRADESH,2022-04-28,10,M,4,21039.25
ARUNACHAL PRADESH,2022-04-29,10,M,4,21039.25
ARUNACHAL PRADESH,2022-04-30,10,3XL,2,3025.0
ARUNACHAL PRADESH,2022-05-01,10,M,2,26406.25
ARUNACHAL PRADESH,2022-05-02,10,M,2,26406.25
ARUNACHAL PRADESH,2022-05-03,10,L,2,2500.0
ARUNACHAL PRADESH,2022-05-04,10,L,2,2500.0
ARUNACHAL PRADESH,2022-05-05,10,L,4,50444.1875
ARUNACHAL PRADESH,2022-05-06,10,L,5,53419.83999999997
ARUNACHAL PRADESH,2022-05-07,10,L,6,63489.33333333337
ARUNACHAL PRADESH,2022-05-08,10,L,6,63489.33333333337
ARUNACHAL PRADESH,2022-05-09,10,L,6,63489.33333333337
ARUNACHAL PRADESH,2022-05-10,10,L,6,63489.33333333337
ARUNACHAL PRADESH,2022-05-11,10,L,10,90939.60999999999
ARUNACHAL PRADESH,2022-05-12,10,L,10,90939.60999999999
ARUNACHAL PRADESH,2022-05-13,10,L,9,97101.58024691348
ARUNACHAL PRADESH,2022-05-14,10,L,9,97101.58024691348
ARUNACHAL PRADESH,2022-05-15,10,L,7,100209.6326530613
ARUNACHAL PRADESH,2022-05-16,10,L,6,107694.66666666663
ARUNACHAL PRADESH,2022-05-17,10,L,5,91787.6000000001
ARUNACHAL PRADESH,2022-05-18,10,L,5,91787.6000000001
ARUNACHAL PRADESH,2022-05-19,10,L,5,91787.6000000001
ARUNACHAL PRADESH,2022-05-20,10,L,5,91787.6000000001
ARUNACHAL PRADESH,2022-05-21,10,M,5,55592.24000000011
ARUNACHAL PRADESH,2022-05-22,10,M,5,55592.24000000011
ARUNACHAL PRADESH,2022-05-23,10,M,5,27510.96000000008
ARUNACHAL PRADESH,2022-05-24,10,M,7,67434.40816326527
ARUNACHAL PRADESH,2022-05-25,10,M,7,67434.40816326527
ARUNACHAL PRADESH,2022-05-26,10,M,6,78405.2222222223
ARUNACHAL PRADESH,2022-05-27,10,M,6,78405.2222222223
ARUNACHAL PRADESH,2022-05-28,10,M,6,78405.2222222223
ARUNACHAL PRADESH,2022-05-29,10,M,6,78405.2222222223
ARUNACHAL PRADESH,2022-05-30,10,M,5,92613.59999999998
ARUNACHAL PRADESH,2022-05-31,10,M,4,106414.1875
ARUNACHAL PRADESH,2022-06-01,10,M,4,106414.1875
ARUNACHAL PRADESH,2022-06-02,10,M,3,6338.888888888876
ARUNACHAL PRADESH,2022-06-03,10,L,3,65078.0
ARUNACHAL PRADESH,2022-06-04,10,L,3,65078.0
ARUNACHAL PRADESH,2022-06-05,10,XS,3,77702.88888888876
ARUNACHAL PRADESH,2022-06-06,10,L,4,64192.25
ARUNACHAL PRADESH,2022-06-07,10,L,4,64192.25
ARUNACHAL PRADESH,2022-06-08,10,L,4,64192.25
ARUNACHAL PRADESH,2022-06-09,10,L,4,64192.25
ARUNACHAL PRADESH,2022-06-10,10,L,6,55615.80555555556
ARUNACHAL PRADESH,2022-06-11,10,L,6,55615.80555555556
ARUNACHAL PRADESH,2022-06-12,10,L,5,56338.96000000002
ARUNACHAL PRADESH,2022-06-13,10,L,6,65456.0
ARUNACHAL PRADESH,2022-06-14,10,L,7,114741.55102040811
ARUNACHAL PRADESH,2022-06-15,10,L,7,114741.55102040811
ARUNACHAL PRADESH,2022-06-16,10,L,6,74566.88888888888
ARUNACHAL PRADESH,2022-06-17,10,L,6,74566.88888888888
ARUNACHAL PRADESH,2022-06-18,10,L,6,74566.88888888888
ARUNACHAL PRADESH,2022-06-19,10,L,6,74566.88888888888
ARUNACHAL PRADESH,2022-06-20,10,L,4,46163.1875
ARUNACHAL PRADESH,2022-06-21,10,L,4,46163.1875
ARUNACHAL PRADESH,2022-06-22,10,L,4,46163.1875
ARUNACHAL PRADESH,2022-06-23,10,S,2,1806.25
ARUNACHAL PRADESH,2022-06-24,10,S,2,1806.25
ARUNACHAL PRADESH,2022-06-25,10,S,2,0.0
ARUNACHAL PRADESH,2022-06-26,10,S,2,0.0
ARUNACHAL PRADESH,2022-06-27,10,S,2,0.0
ARUNACHAL PRADESH,2022-06-28,10,M,3,45784.888888888876
ARUNACHAL PRADESH,2022-06-29,10,M,3,45784.888888888876
ARUNACHAL PRADESH,2022-06-30,10,M,3,45784.888888888876
ARUNACHAL PRADESH,2022-07-01,10,M,3,45784.888888888876
ARUNACHAL PRADESH,2022-07-02,10,M,3,45784.888888888876
ARUNACHAL PRADESH,2022-07-03,10,M,3,45784.888888888876
ARUNACHAL PRADESH,2022-07-04,10,M,3,45784.888888888876
ARUNACHAL PRADESH,2022-07-05,10,L,2,16002.25
ARUNACHAL PRADESH,2022-07-06,10,L,1,0.0
ARUNACHAL PRADESH,2022-07-07,10,M,1,0.0
ASSAM,2022-04-02,10,L,6,34604.80555555562
ASSAM,2022-04-03,10,L,11,25740.181818181823
ASSAM,2022-04-04,10,L,13,57595.13609467447
ASSAM,2022-04-05,10,M,18,67660.9783950618
ASSAM,2022-04-06,10,M,26,70211.73520710052
ASSAM,2022-04-07,10,L,35,81199.43673469382
ASSAM,2022-04-08,10,L,36,79422.63580246916
ASSAM,2022-04-09,10,S,40,65652.20937499998
ASSAM,2022-04-10,10,L,44,70048.13378099172
ASSAM,2022-04-11,10,L,48,71408.3125
ASSAM,2022-04-12,10,S,48,75507.0399305555
ASSAM,2022-04-13,10,S,45,74454.15506172838
ASSAM,2022-04-14,10,L,50,73290.68839999998
ASSAM,2022-04-15,10,L,48,74095.97873263888
ASSAM,2022-04-16,10,L,46,77078.99810964073
ASSAM,2022-04-17,10,M,43,46679.86695511092
ASSAM,2022-04-18,10,M,46,53387.54064272216
ASSAM,2022-04-19,10,M,43,54307.49269875605
ASSAM,2022-04-20,10,M,43,59940.341806381824
ASSAM,2022-04-21,10,M,42,43197.42630385485
ASSAM,2022-04-22,10,M,46,40504.63516068045
ASSAM,2022-04-23,10,M,52,47832.051405325416
ASSAM,2022-04-24,10,M,55,50854.70876033057
ASSAM,2022-04-25,10,M,48,52611.164930555504
ASSAM,2022-04-26,10,M,43,57285.860465116275
ASSAM,2022-04-27,10,M,42,69723.01133786852
ASSAM,2022-04-28,10,S,40,98920.2099999999
ASSAM,2022-04-29,10,S,44,104945.32799586776
ASSAM,2022-04-30,10,S,45,97559.74617283948
ASSAM,2022-05-01,10,S,49,94733.62598917121
ASSAM,2022-05-02,10,S,47,101575.71208691725
ASSAM,2022-05-03,10,S,39,108677.38198553579
ASSAM,2022-05-04,10,S,38,116302.24722991692
ASSAM,2022-05-05,10,M,35,86014.63673469384
ASSAM,2022-05-06,10,M,36,76101.00617283944
ASSAM,2022-05-07,10,M,37,58381.7720964207
ASSAM,2022-05-08,10,M,37,55166.61358655954
ASSAM,2022-05-09,10,M,36,63913.6875
ASSAM,2022-05-10,10,M,35,90623.77632653067
ASSAM,2022-05-11,10,M,32,75201.171875
ASSAM,2022-05-12,10,M,34,73109.35294117645
ASSAM,2022-05-13,10,M,32,102040.7958984375
ASSAM,2022-05-14,10,M,29,110284.66111771698
ASSAM,2022-05-15,10,M,25,149802.28159999993
ASSAM,2022-05-16,10,M,23,148054.48771266546
ASSAM,2022-05-17,10,S,24,101591.0555555555
ASSAM,2022-05-18,10,S,28,91154.6734693877
ASSAM,2022-05-19,10,S,32,83792.24609375
ASSAM,2022-05-20,10,S,32,86088.6083984375
ASSAM,2022-05-21,10,S,30,77466.24888888886
ASSAM,2022-05-22,10,S,26,74490.96597633138
ASSAM,2022-05-23,10,S,26,79098.39053254446
ASSAM,2022-05-24,10,L,25,76616.87360000005
ASSAM,2022-05-25,10,L,28,69432.36096938781
ASSAM,2022-05-26,10,L,29,71625.41973840666
ASSAM,2022-05-27,10,L,24,76462.13888888888
ASSAM,2022-05-28,10,L,23,74627.36862003792
ASSAM,2022-05-29,10,L,21,65757.48752834467
ASSAM,2022-05-30,10,M,21,120336.3174603174
ASSAM,2022-05-31,10,L,22,46646.59504132229
ASSAM,2022-06-01,10,L,22,39424.42355371907
ASSAM,2022-06-02,10,L,22,36836.13429752062
ASSAM,2022-06-03,10,L,29,55682.10939357907
ASSAM,2022-06-04,10,L,26,56981.25
ASSAM,2022-06-05,10,L,28,63303.95280612254
ASSAM,2022-06-06,10,L,29,69482.66587395949
ASSAM,2022-06-07,10,L,30,73028.44888888887
ASSAM,2022-06-08,10,L,36,78377.35416666669
ASSAM,2022-06-09,10,L,37,81294.07888970053
ASSAM,2022-06-10,10,L,35,88225.66857142851
ASSAM,2022-06-11,10,L,32,95782.421875
ASSAM,2022-06-12,10,L,32,106511.5380859375
ASSAM,2022-06-13,10,M,29,100284.53269916773
ASSAM,2022-06-14,10,M,31,96033.10926118633
ASSAM,2022-06-15,10,S,29,102991.70511296077
ASSAM,2022-06-16,10,M,32,107711.55859375
ASSAM,2022-06-17,10,M,32,97570.125
ASSAM,2022-06-18,10,M,32,114527.2568359375
ASSAM,2022-06-19,10,M,31,115118.7325702394
ASSAM,2022-06-20,10,M,33,120165.32966023881
ASSAM,2022-06-21,10,M,33,98294.7272727273
ASSAM,2022-06-22,10,M,36,79926.9652777777
ASSAM,2022-06-23,10,M,35,85119.30122448987
ASSAM,2022-06-24,10,M,32,87262.83984375
ASSAM,2022-06-25,10,M,33,69370.81542699714
ASSAM,2022-06-26,10,M,31,65840.16024973989
ASSAM,2022-06-27,10,M,33,58035.015610652044
ASSAM,2022-06-28,10,M,31,65309.62539021851
ASSAM,2022-06-29,10,M,32,67186.4912109375
ASSAM,2022-06-30,10,M,27,61149.802469135844
ASSAM,2022-07-01,10,M,25,65245.382399999944
ASSAM,2022-07-02,10,M,20,76960.93999999994
ASSAM,2022-07-03,10,M,17,49381.05190311425
ASSAM,2022-07-04,10,M,15,55198.06222222216
ASSAM,2022-07-05,10,M,12,65204.472222222306
ASSAM,2022-07-06,10,M,10,73387.76000000007
ASSAM,2022-07-07,10,S,6,18010.472222222248
ASSAM,2022-07-08,10,XL,2,1369.0
ASSAM,2022-07-09,10,S,1,0.0
BIHAR,2022-04-01,10,M,3,13334.222222222365
BIHAR,2022-04-02,10,M,9,26547.061728395056
BIHAR,2022-04-03,10,M,12,26200.805555555562
BIHAR,2022-04-04,10,M,20,64792.3600000001
BIHAR,2022-04-05,10,M,26,58613.2485207101
BIHAR,2022-04-06,10,M,31,55636.38293444336
BIHAR,2022-04-07,10,M,39,54527.5305719921
BIHAR,2022-04-08,10,M,45,60751.59209876548
BIHAR,2022-04-09,10,M,51,56043.21876201464
BIHAR,2022-04-10,10,M,55,61566.96198347112
BIHAR,2022-04-11,10,M,57,64445.61772853194
BIHAR,2022-04-12,10,M,56,111521.7397959184
BIHAR,2022-04-13,10,M,58,114887.31302021403
BIHAR,2022-04-14,10,M,53,111503.12210751144
BIHAR,2022-04-15,10,M,54,109982.70233196154
BIHAR,2022-04-16,10,M,58,106380.79310344823
BIHAR,2022-04-17,10,M,55,105592.052892562
BIHAR,2022-04-18,10,M,54,99447.59945130319
BIHAR,2022-04-19,10,M,60,96226.14750000002
BIHAR,2022-04-20,10,M,60,91922.94888888887
BIHAR,2022-04-21,10,M,63,88976.92567397322
BIHAR,2022-04-22,10,M,65,49680.47479289939
BIHAR,2022-04-23,10,M,66,48907.5521120294
BIHAR,2022-04-24,10,M,66,48231.61363636365
BIHAR,2022-04-25,10,M,63,52054.34215167549
BIHAR,2022-04-26,10,M,59,51190.669922436064
BIHAR,2022-04-27,10,M,62,54980.36108220607
BIHAR,2022-04-28,10,M,59,60897.11117494968
BIHAR,2022-04-29,10,M,49,64310.168263223604
BIHAR,2022-04-30,10,M,52,75915.59763313603
BIHAR,2022-05-01,10,M,54,69344.59259259258
BIHAR,2022-05-02,10,M,49,78442.27072053304
BIHAR,2022-05-03,10,M,52,75110.70710059168
BIHAR,2022-05-04,10,M,53,70896.8778924885
BIHAR,2022-05-05,10,M,56,78179.27423469379
BIHAR,2022-05-06,10,M,57,85795.4890735611
BIHAR,2022-05-07,10,M,52,81745.95562130178
BIHAR,2022-05-08,10,M,51,80865.50634371402
BIHAR,2022-05-09,10,M,54,90660.43895747606
BIHAR,2022-05-10,10,M,49,80207.28779675148
BIHAR,2022-05-11,10,M,42,102609.34467120178
BIHAR,2022-05-12,10,M,41,100400.98512790003
BIHAR,2022-05-13,10,M,41,121168.39500297443
BIHAR,2022-05-14,10,M,38,132082.87049861497
BIHAR,2022-05-15,10,M,33,148567.99632690533
BIHAR,2022-05-16,10,M,31,160897.0239334026
BIHAR,2022-05-17,10,M,29,177182.37336504157
BIHAR,2022-05-18,10,M,30,166500.0455555555
BIHAR,2022-05-19,10,S,29,122851.49346016656
BIHAR,2022-05-20,10,S,31,140899.55463059316
BIHAR,2022-05-21,10,S,29,147764.89655172417
BIHAR,2022-05-22,10,M,31,164203.28824141517
BIHAR,2022-05-23,10,L,34,110379.46366782021
BIHAR,2022-05-24,10,L,34,83547.22145328717
BIHAR,2022-05-25,10,L,35,61956.078367347014
BIHAR,2022-05-26,10,L,37,78928.73484295094
BIHAR,2022-05-27,10,L,38,75488.02216066478
BIHAR,2022-05-28,10,L,28,69135.97321428568
BIHAR,2022-05-29,10,M,31,155929.8688865765
BIHAR,2022-05-30,10,M,29,163677.0344827586
BIHAR,2022-05-31,10,L,31,68838.16024973983
BIHAR,2022-06-01,10,L,30,71089.37333333341
BIHAR,2022-06-02,10,L,28,81301.24872448982
BIHAR,2022-06-03,10,M,32,126797.1787109375
BIHAR,2022-06-04,10,M,32,122273.359375
BIHAR,2022-06-05,10,M,30,118311.59555555554
BIHAR,2022-06-06,10,M,35,107704.70204081631
BIHAR,2022-06-07,10,M,36,99498.68209876551
BIHAR,2022-06-08,10,M,34,85847.30190311407
BIHAR,2022-06-09,10,M,37,81296.25858290726
BIHAR,2022-06-10,10,M,38,63255.725761772715
BIHAR,2022-06-11,10,M,41,61200.75550267694
BIHAR,2022-06-12,10,M,43,54942.68469442945
BIHAR,2022-06-13,10,M,39,37658.12754766602
BIHAR,2022-06-14,10,M,40,42437.59937499993
BIHAR,2022-06-15,10,M,39,43030.16305062466
BIHAR,2022-06-16,10,M,36,41546.978395061684
BIHAR,2022-06-17,10,M,37,35986.495252008724
BIHAR,2022-06-18,10,M,37,45539.32651570492
BIHAR,2022-06-19,10,M,39,54944.76265614724
BIHAR,2022-06-20,10,M,40,53537.97437499999
BIHAR,2022-06-21,10,L,38,143690.94459833787
BIHAR,2022-06-22,10,M,36,51754.34182098764
BIHAR,2022-06-23,10,S,39,75459.68967784336
BIHAR,2022-06-24,10,S,36,77926.58950617269
BIHAR,2022-06-25,10,M,40,68537.19437500008
BIHAR,2022-06-26,10,M,38,76226.48268698057
BIHAR,2022-06-27,10,M,37,76213.6785975165
BIHAR,2022-06-28,10,S,38,70406.83725761774
BIHAR,2022-06-29,10,S,36,66228.86033950618
BIHAR,2022-06-30,10,S,35,71136.13061224489
BIHAR,2022-07-01,10,S,30,81524.39555555553
BIHAR,2022-07-02,10,S,25,86717.33439999999
BIHAR,2022-07-03,10,M,18,88910.2839506173
BIHAR,2022-07-04,10,M,16,80512.625
BIHAR,2022-07-05,10,S,12,71098.90972222225
BIHAR,2022-07-06,10,S,11,76844.51239669428
BIHAR,2022-07-07,10,S,7,114270.53061224485
BIHAR,2022-07-08,10,XL,3,16749.555555555504
BIHAR,2022-07-09,10,S,2,21609.0
CHANDIGARH,2022-04-01,10,3XL,1,0.0
CHANDIGARH,2022-04-02,10,3XL,4,62021.6875
CHANDIGARH,2022-04-03,10,3XL,4,62021.6875
CHANDIGARH,2022-04-04,10,3XL,4,62021.6875
CHANDIGARH,2022-04-05,10,3XL,4,62021.6875
CHANDIGARH,2022-04-06,10,3XL,4,62021.6875
CHANDIGARH,2022-04-07,10,3XL,4,62021.6875
CHANDIGARH,2022-04-08,10,3XL,5,50247.360000000044
CHANDIGARH,2022-04-09,10,L,9,78946.09876543214
CHANDIGARH,2022-04-10,10,L,9,78946.09876543214
CHANDIGARH,2022-04-11,10,L,9,78946.09876543214
CHANDIGARH,2022-04-12,10,L,9,32911.33333333337
CHANDIGARH,2022-04-13,10,L,9,32911.33333333337
CHANDIGARH,2022-04-14,10,L,11,36118.38016528927
CHANDIGARH,2022-04-15,10,L,11,36118.38016528927
CHANDIGARH,2022-04-16,10,L,9,41762.444444444496
CHANDIGARH,2022-04-17,10,L,9,40832.44444444438
CHANDIGARH,2022-04-18,10,L,9,47500.888888888876
CHANDIGARH,2022-04-19,10,L,6,28091.222222222248
CHANDIGARH,2022-04-20,10,L,7,25077.38775510207
CHANDIGARH,2022-04-21,10,L,7,25077.38775510207
CHANDIGARH,2022-04-22,10,L,7,16830.693877550977
CHANDIGARH,2022-04-23,10,L,14,88246.9795918368
CHANDIGARH,2022-04-24,10,L,15,105406.99555555556
CHANDIGARH,2022-04-25,10,L,16,99557.5625
CHANDIGARH,2022-04-26,10,L,16,99557.5625
CHANDIGARH,2022-04-27,10,L,15,98625.73333333328
CHANDIGARH,2022-04-28,10,L,14,95586.06632653053
CHANDIGARH,2022-04-29,10,L,13,97846.76923076925
CHANDIGARH,2022-04-30,10,L,12,103329.88888888888
CHANDIGARH,2022-05-01,10,L,13,97393.46745562134
CHANDIGARH,2022-05-02,10,L,13,86789.4437869821
CHANDIGARH,2022-05-03,10,XXL,8,89703.734375
CHANDIGARH,2022-05-04,10,XXL,7,41642.97959183669
CHANDIGARH,2022-05-05,10,XXL,7,41642.97959183669
CHANDIGARH,2022-05-06,10,3XL,7,53477.14285714284
CHANDIGARH,2022-05-07,10,3XL,8,68548.9375
CHANDIGARH,2022-05-08,10,3XL,10,83526.40999999997
CHANDIGARH,2022-05-09,10,3XL,10,83526.40999999997
CHANDIGARH,2022-05-10,10,XL,9,19204.395061728486
CHANDIGARH,2022-05-11,10,3XL,9,46461.283950617246
CHANDIGARH,2022-05-12,10,XL,8,21535.5
CHANDIGARH,2022-05-13,10,XL,8,21535.5
CHANDIGARH,2022-05-14,10,XL,7,24588.489795918285
CHANDIGARH,2022-05-15,10,M,8,30490.6875
CHANDIGARH,2022-05-16,10,3XL,8,49230.0
CHANDIGARH,2022-05-17,10,M,8,26828.6875
CHANDIGARH,2022-05-18,10,M,8,26828.6875
CHANDIGARH,2022-05-19,10,XL,7,22352.979591836716
CHANDIGARH,2022-05-20,10,XL,6,21653.333333333343
CHANDIGARH,2022-05-21,10,3XL,7,31578.530612244853
CHANDIGARH,2022-05-22,10,3XL,7,31578.530612244853
CHANDIGARH,2022-05-23,10,3XL,8,27838.859375
CHANDIGARH,2022-05-24,10,3XL,8,27838.859375
CHANDIGARH,2022-05-25,10,L,7,137462.48979591823
CHANDIGARH,2022-05-26,10,XL,7,47405.06122448982
CHANDIGARH,2022-05-27,10,XL,6,52034.22222222219
CHANDIGARH,2022-05-28,10,XL,6,52034.22222222219
CHANDIGARH,2022-05-29,10,XXL,4,128886.1875
CHANDIGARH,2022-05-30,10,XXL,4,128886.1875
CHANDIGARH,2022-05-31,10,XXL,4,128886.1875
CHANDIGARH,2022-06-01,10,M,5,56135.83999999997
CHANDIGARH,2022-06-02,10,XL,5,109667.44
CHANDIGARH,2022-06-03,10,L,5,95616.55999999994
CHANDIGARH,2022-06-04,10,L,7,74518.12244897953
CHANDIGARH,2022-06-05,10,L,7,74518.12244897953
CHANDIGARH,2022-06-06,10,L,7,74518.12244897953
CHANDIGARH,2022-06-07,10,L,7,74518.12244897953
CHANDIGARH,2022-06-08,10,L,7,74518.12244897953
CHANDIGARH,2022-06-09,10,L,7,74518.12244897953
CHANDIGARH,2022-06-10,10,XL,8,76938.359375
CHANDIGARH,2022-06-11,10,XL,8,76938.359375
CHANDIGARH,2022-06-12,10,XL,8,34089.609375
CHANDIGARH,2022-06-13,10,XL,9,32346.320987654384
CHANDIGARH,2022-06-14,10,XL,7,35301.6326530613
CHANDIGARH,2022-06-15,10,XL,8,35745.234375
CHANDIGARH,2022-06-16,10,M,9,62150.17283950624
CHANDIGARH,2022-06-17,10,XL,8,48889.359375
CHANDIGARH,2022-06-18,10,M,9,62890.61728395056
CHANDIGARH,2022-06-19,10,M,9,159381.11111111112
CHANDIGARH,2022-06-20,10,M,9,169146.54320987652
CHANDIGARH,2022-06-21,10,L,6,56203.138888888934
CHANDIGARH,2022-06-22,10,L,6,56203.138888888934
CHANDIGARH,2022-06-23,10,L,5,61959.44000000006
CHANDIGARH,2022-06-24,10,M,6,153814.138888889
CHANDIGARH,2022-06-25,10,M,5,183898.56000000006
CHANDIGARH,2022-06-26,10,M,5,184290.55999999994
CHANDIGARH,2022-06-27,10,XS,6,15896.888888888934
CHANDIGARH,2022-06-28,10,M,6,139661.88888888876
CHANDIGARH,2022-06-29,10,XS,5,18231.360000000102
CHANDIGARH,2022-06-30,10,XS,5,18231.360000000102
CHANDIGARH,2022-07-01,10,XS,5,18231.360000000102
CHANDIGARH,2022-07-02,10,M,4,4163.1875
CHANDIGARH,2022-07-03,10,M,4,4163.1875
CHANDIGARH,2022-07-04,10,M,3,2544.222222222248
CHANDIGARH,2022-07-05,10,M,3,2544.222222222248
CHANDIGARH,2022-07-06,10,M,2,2862.25
CHANDIGARH,2022-07-07,10,3XL,1,0.0
CHANDIGARH,2022-07-08,10,S,1,0.0
CHHATTISGARH,2022-04-01,10,M,1,0.0
CHHATTISGARH,2022-04-02,10,L,3,86920.66666666669
CHHATTISGARH,2022-04-03,10,L,5,85368.40000000002
CHHATTISGARH,2022-04-04,10,M,9,44368.09876543202
CHHATTISGARH,2022-04-05,10,M,11,47762.925619834685
CHHATTISGARH,2022-04-06,10,M,11,47762.925619834685
CHHATTISGARH,2022-04-07,10,M,12,45159.90972222219
CHHATTISGARH,2022-04-08,10,M,14,54735.24489795929
CHHATTISGARH,2022-04-09,10,M,16,54275.65234375
CHHATTISGARH,2022-04-10,10,M,18,57358.570987654384
CHHATTISGARH,2022-04-11,10,M,18,62537.36111111101
CHHATTISGARH,2022-04-12,10,S,24,89756.5399305555
CHHATTISGARH,2022-04-13,10,S,23,93207.95463137986
CHHATTISGARH,2022-04-14,10,S,23,93088.28733459365
CHHATTISGARH,2022-04-15,10,S,23,85711.0094517959
CHHATTISGARH,2022-04-16,10,S,22,95197.14876033051
CHHATTISGARH,2022-04-17,10,S,22,93755.06611570256
CHHATTISGARH,2022-04-18,10,S,22,96293.95867768594
CHHATTISGARH,2022-04-19,10,S,25,99921.12000000005
CHHATTISGARH,2022-04-20,10,S,25,78659.1104
CHHATTISGARH,2022-04-21,10,S,26,65642.2130177514
CHHATTISGARH,2022-04-22,10,M,23,54951.14933837426
CHHATTISGARH,2022-04-23,10,S,22,64890.12603305775
CHHATTISGARH,2022-04-24,10,M,24,45296.623263888934
CHHATTISGARH,2022-04-25,10,M,25,51470.16960000002
CHHATTISGARH,2022-04-26,10,M,26,55453.76923076925
CHHATTISGARH,2022-04-27,10,M,27,57336.982167352515
CHHATTISGARH,2022-04-28,10,M,27,58043.061728395056
CHHATTISGARH,2022-04-29,10,M,27,39964.850480109744
CHHATTISGARH,2022-04-30,10,M,24,38696.388888888934
CHHATTISGARH,2022-05-01,10,M,26,39863.386094674526
CHHATTISGARH,2022-05-02,10,M,27,38923.94513031555
CHHATTISGARH,2022-05-03,10,M,28,40022.96301020414
CHHATTISGARH,2022-05-04,10,M,25,40684.649600000004
CHHATTISGARH,2022-05-05,10,M,22,46108.57231404958
CHHATTISGARH,2022-05-06,10,M,20,38319.03999999992
CHHATTISGARH,2022-05-07,10,S,22,38413.87603305775
CHHATTISGARH,2022-05-08,10,S,22,51469.68595041317
CHHATTISGARH,2022-05-09,10,S,20,54960.69
CHHATTISGARH,2022-05-10,10,M,19,55789.495844875346
CHHATTISGARH,2022-05-11,10,M,18,61707.47222222225
CHHATTISGARH,2022-05-12,10,M,17,75442.2422145328
CHHATTISGARH,2022-05-13,10,M,15,74748.3733333333
CHHATTISGARH,2022-05-14,10,M,14,80048.45408163278
CHHATTISGARH,2022-05-15,10,M,15,73908.37333333335
CHHATTISGARH,2022-05-16,10,M,15,73908.37333333335
CHHATTISGARH,2022-05-17,10,L,16,53832.33984375
CHHATTISGARH,2022-05-18,10,L,16,66309.58984375
CHHATTISGARH,2022-05-19,10,L,19,60046.86980609421
CHHATTISGARH,2022-05-20,10,L,20,60685.0
CHHATTISGARH,2022-05-21,10,L,18,65497.765432098706
CHHATTISGARH,2022-05-22,10,L,19,106847.88365650974
CHHATTISGARH,2022-05-23,10,L,20,117991.34749999997
CHHATTISGARH,2022-05-24,10,L,25,100883.71839999995
CHHATTISGARH,2022-05-25,10,L,26,100932.94082840235
CHHATTISGARH,2022-05-26,10,L,24,88655.0399305555
CHHATTISGARH,2022-05-27,10,L,20,100309.22749999998
CHHATTISGARH,2022-05-28,10,L,19,92971.00831024931
CHHATTISGARH,2022-05-29,10,L,18,160369.58333333337
CHHATTISGARH,2022-05-30,10,L,19,183168.2603878117
CHHATTISGARH,2022-05-31,10,L,21,182686.81632653065
CHHATTISGARH,2022-06-01,10,L,18,172782.36111111112
CHHATTISGARH,2022-06-02,10,L,19,173884.8310249307
CHHATTISGARH,2022-06-03,10,M,15,71188.06222222222
CHHATTISGARH,2022-06-04,10,M,14,75936.85714285716
CHHATTISGARH,2022-06-05,10,M,15,70879.43999999994
CHHATTISGARH,2022-06-06,10,S,17,58227.58477508655
CHHATTISGARH,2022-06-07,10,S,16,58476.80859375
CHHATTISGARH,2022-06-08,10,M,16,67215.234375
CHHATTISGARH,2022-06-09,10,S,15,70984.78222222225
CHHATTISGARH,2022-06-10,10,M,15,78271.12888888892
CHHATTISGARH,2022-06-11,10,M,14,61152.65816326527
CHHATTISGARH,2022-06-12,10,M,17,75555.23183390993
CHHATTISGARH,2022-06-13,10,M,19,121827.90027700824
CHHATTISGARH,2022-06-14,10,M,19,121827.90027700824
CHHATTISGARH,2022-06-15,10,M,19,122800.19944598334
CHHATTISGARH,2022-06-16,10,M,17,133749.51557093428
CHHATTISGARH,2022-06-17,10,M,17,101604.69896193774
CHHATTISGARH,2022-06-18,10,L,16,92736.74609375
CHHATTISGARH,2022-06-19,10,L,16,94790.609375
CHHATTISGARH,2022-06-20,10,M,14,178614.02551020402
CHHATTISGARH,2022-06-21,10,M,17,165411.63321799313
CHHATTISGARH,2022-06-22,10,M,17,141990.4775086505
CHHATTISGARH,2022-06-23,10,M,18,105437.58333333326
CHHATTISGARH,2022-06-24,10,M,20,108725.48750000005
CHHATTISGARH,2022-06-25,10,M,20,106596.92750000005
CHHATTISGARH,2022-06-26,10,M,23,97722.25330812851
CHHATTISGARH,2022-06-27,10,M,21,110280.84807256231
CHHATTISGARH,2022-06-28,10,M,20,71107.11000000004
CHHATTISGARH,2022-06-29,10,M,21,68009.1337868481
CHHATTISGARH,2022-06-30,10,M,19,74006.77008310251
CHHATTISGARH,2022-07-01,10,M,16,61346.96484375
CHHATTISGARH,2022-07-02,10,M,13,31653.005917159724
CHHATTISGARH,2022-07-03,10,M,9,32404.987654321012
CHHATTISGARH,2022-07-04,10,M,7,28006.4897959184
CHHATTISGARH,2022-07-05,10,M,6,31980.888888888934
CHHATTISGARH,2022-07-06,10,M,3,26993.555555555562
CHHATTISGARH,2022-07-07,10,M,2,2970.25
CHHATTISGARH,2022-07-08,10,M,1,0.0
DADRA AND NAGAR,2022-04-02,10,XS,1,0.0
DADRA AND NAGAR,2022-04-03,10,XS,1,0.0
DADRA AND NAGAR,2022-04-04,10,XL,1,0.0
DADRA AND NAGAR,2022-04-05,10,M,1,0.0
DADRA AND NAGAR,2022-04-06,10,L,1,0.0
DADRA AND NAGAR,2022-04-07,10,L,2,11449.0
DADRA AND NAGAR,2022-04-08,10,L,2,11449.0
DADRA AND NAGAR,2022-04-09,10,L,3,14438.22222222219
DADRA AND NAGAR,2022-04-10,10,L,3,14438.22222222219
DADRA AND NAGAR,2022-04-11,10,L,3,14438.22222222219
DADRA AND NAGAR,2022-04-12,10,L,3,14438.22222222219
DADRA AND NAGAR,2022-04-13,10,L,3,14438.22222222219
DADRA AND NAGAR,2022-04-14,10,L,3,14438.22222222219
DADRA AND NAGAR,2022-04-15,10,L,3,14438.22222222219
DADRA AND NAGAR,2022-04-16,10,L,2,1156.0
DADRA AND NAGAR,2022-04-17,10,XS,2,240.25
DADRA AND NAGAR,2022-04-18,10,XS,2,240.25
DADRA AND NAGAR,2022-04-19,10,XS,3,8916.22222222219
DADRA AND NAGAR,2022-04-20,10,XS,3,8916.22222222219
DADRA AND NAGAR,2022-04-21,10,XS,3,8916.22222222219
DADRA AND NAGAR,2022-04-22,10,XS,3,8916.22222222219
DADRA AND NAGAR,2022-04-23,10,XS,3,8916.22222222219
DADRA AND NAGAR,2022-04-24,10,XS,3,8916.22222222219
DADRA AND NAGAR,2022-04-25,10,XS,3,8916.22222222219
DADRA AND NAGAR,2022-04-26,10,XS,3,8916.22222222219
DADRA AND NAGAR,2022-04-27,10,M,2,2500.0
DADRA AND NAGAR,2022-04-28,10,M,2,2500.0
DADRA AND NAGAR,2022-04-29,10,M,2,2500.0
DADRA AND NAGAR,2022-04-30,10,M,2,2500.0
DADRA AND NAGAR,2022-05-01,10,3XL,4,203.5
DADRA AND NAGAR,2022-05-02,10,3XL,4,203.5
DADRA AND NAGAR,2022-05-03,10,3XL,4,203.5
DADRA AND NAGAR,2022-05-04,10,3XL,4,203.5
DADRA AND NAGAR,2022-05-05,10,3XL,4,203.5
DADRA AND NAGAR,2022-05-06,10,3XL,4,203.5
DADRA AND NAGAR,2022-05-07,10,3XL,4,203.5
DADRA AND NAGAR,2022-05-08,10,3XL,4,203.5
DADRA AND NAGAR,2022-05-09,10,3XL,4,203.5
DADRA AND NAGAR,2022-05-10,10,3XL,4,203.5
DADRA AND NAGAR,2022-05-11,10,XL,3,48082.66666666663
DADRA AND NAGAR,2022-05-12,10,L,3,31952.888888888818
DADRA AND NAGAR,2022-05-13,10,L,3,31952.888888888818
DADRA AND NAGAR,2022-05-14,10,L,3,31952.888888888818
DADRA AND NAGAR,2022-05-15,10,L,4,31386.1875
DADRA AND NAGAR,2022-05-16,10,L,4,31386.1875
DADRA AND NAGAR,2022-05-17,10,L,4,31386.1875
DADRA AND NAGAR,2022-05-18,10,S,3,26106.0
DADRA AND NAGAR,2022-05-19,10,S,3,26106.0
DADRA AND NAGAR,2022-05-20,10,S,3,26106.0
DADRA AND NAGAR,2022-05-21,10,L,3,38841.55555555556
DADRA AND NAGAR,2022-05-22,10,L,2,992.25
DADRA AND NAGAR,2022-05-23,10,L,2,992.25
DADRA AND NAGAR,2022-05-24,10,L,2,992.25
DADRA AND NAGAR,2022-05-25,10,M,1,0.0
DADRA AND NAGAR,2022-05-26,10,M,1,0.0
DADRA AND NAGAR,2022-05-27,10,M,1,0.0
DADRA AND NAGAR,2022-06-02,10,M,1,0.0
DADRA AND NAGAR,2022-06-03,10,M,1,0.0
DADRA AND NAGAR,2022-06-04,10,M,1,0.0
DADRA AND NAGAR,2022-06-05,10,M,1,0.0
DADRA AND NAGAR,2022-06-06,10,M,1,0.0
DADRA AND NAGAR,2022-06-07,10,M,1,0.0
DADRA AND NAGAR,2022-06-08,10,L,1,0.0
DADRA AND NAGAR,2022-06-09,10,L,1,0.0
DADRA AND NAGAR,2022-06-10,10,L,1,0.0
DADRA AND NAGAR,2022-06-11,10,M,3,3238.222222222248
DADRA AND NAGAR,2022-06-12,10,M,2,1849.0
DADRA AND NAGAR,2022-06-13,10,M,5,50900.95999999996
DADRA AND NAGAR,2022-06-14,10,M,5,50900.95999999996
DADRA AND NAGAR,2022-06-15,10,M,5,50900.95999999996
DADRA AND NAGAR,2022-06-16,10,M,5,50900.95999999996
DADRA AND NAGAR,2022-06-17,10,M,6,42447.888888888934
DADRA AND NAGAR,2022-06-18,10,M,6,42447.888888888934
DADRA AND NAGAR,2022-06-19,10,M,6,42447.888888888934
DADRA AND NAGAR,2022-06-20,10,M,6,42447.888888888934
DADRA AND NAGAR,2022-06-21,10,M,4,54373.25
DADRA AND NAGAR,2022-06-22,10,M,4,54373.25
DADRA AND NAGAR,2022-06-23,10,3XL,1,0.0
DADRA AND NAGAR,2022-06-24,10,3XL,1,0.0
DADRA AND NAGAR,2022-06-25,10,3XL,1,0.0
DADRA AND NAGAR,2022-06-26,10,M,1,0.0
DADRA AND NAGAR,2022-06-27,10,M,1,0.0
DADRA AND NAGAR,2022-06-28,10,M,1,0.0
DADRA AND NAGAR,2022-06-29,10,M,1,0.0
DADRA AND NAGAR,2022-06-30,10,M,1,0.0
DADRA AND NAGAR,2022-07-01,10,M,1,0.0
DADRA AND NAGAR,2022-07-02,10,M,1,0.0
DADRA AND NAGAR,2022-07-03,10,M,1,0.0
DADRA AND NAGAR,2022-07-04,10,M,1,0.0
DADRA AND NAGAR,2022-07-05,10,M,1,0.0
DADRA AND NAGAR,2022-07-06,10,M,1,0.0
DELHI,2022-04-01,10,XS,4,138366.6875
DELHI,2022-04-02,10,M,20,85967.09999999998
DELHI,2022-04-03,10,L,30,89484.91222222219
DELHI,2022-04-04,10,L,47,76856.37211407872
DELHI,2022-04-05,10,L,60,79380.6830555555
DELHI,2022-04-06,10,L,75,74051.60888888879
DELHI,2022-04-07,10,L,88,71205.04635847104
DELHI,2022-04-08,10,M,102,80755.27758554398
DELHI,2022-04-09,10,L,118,74888.87108589482
DELHI,2022-04-10,10,L,129,75117.79953127814
DELHI,2022-04-11,10,L,145,73280.41379310342
DELHI,2022-04-12,10,XL,146,61237.41888722085
DELHI,2022-04-13,10,M,140,75592.6940816326
DELHI,2022-04-14,10,L,138,72821.64881327451
DELHI,2022-04-15,10,L,139,67772.56674085191
DELHI,2022-04-16,10,M,141,82424.39082541119
DELHI,2022-04-17,10,XL,148,69304.5359295106
DELHI,2022-04-18,10,XL,146,70952.37497654348
DELHI,2022-04-19,10,M,143,77037.72487652209
DELHI,2022-04-20,10,M,146,70656.52505160449
DELHI,2022-04-21,10,M,149,75843.37741543178
DELHI,2022-04-22,10,M,154,75642.89188733342
DELHI,2022-04-23,10,M,154,76079.30599595216
DELHI,2022-04-24,10,M,160,77176.76777343749
DELHI,2022-04-25,10,M,161,77629.9116546429
DELHI,2022-04-26,10,M,155,73245.83700312168
DELHI,2022-04-27,10,M,151,83878.92706460238
DELHI,2022-04-28,10,M,144,82551.88768325624
DELHI,2022-04-29,10,M,142,78892.16827018443
DELHI,2022-04-30,10,M,136,81535.28498053638
DELHI,2022-05-01,10,M,136,82881.62581098621
DELHI,2022-05-02,10,M,136,78462.28584558825
DELHI,2022-05-03,10,M,133,75396.72372660972
DELHI,2022-05-04,10,M,136,70561.60850994807
DELHI,2022-05-05,10,M,137,64551.27081890346
DELHI,2022-05-06,10,M,132,72503.47262396704
DELHI,2022-05-07,10,M,126,70667.68909045111
DELHI,2022-05-08,10,M,135,70990.94024691358
DELHI,2022-05-09,10,M,146,75534.45243009948
DELHI,2022-05-10,10,M,149,79280.10765280842
DELHI,2022-05-11,10,M,141,73664.9168552889
DELHI,2022-05-12,10,M,130,75463.81514792895
DELHI,2022-05-13,10,M,121,78493.69537599891
DELHI,2022-05-14,10,L,114,68232.89289012004
DELHI,2022-05-15,10,L,112,77804.00223214284
DELHI,2022-05-16,10,L,119,80204.07909045968
DELHI,2022-05-17,10,M,108,77490.14060356643
DELHI,2022-05-18,10,L,106,79372.44188323244
DELHI,2022-05-19,10,L,105,83452.641814059
DELHI,2022-05-20,10,L,106,79267.91171235306
DELHI,2022-05-21,10,M,102,53601.73125720874
DELHI,2022-05-22,10,L,103,61853.3382976717
DELHI,2022-05-23,10,M,111,65495.120688255876
DELHI,2022-05-24,10,M,112,70531.73652742355
DELHI,2022-05-25,10,M,119,61805.492267495254
DELHI,2022-05-26,10,M,122,67328.8691883902
DELHI,2022-05-27,10,M,115,69864.05096408323
DELHI,2022-05-28,10,M,113,71999.0818388284
DELHI,2022-05-29,10,M,115,78041.74064272217
DELHI,2022-05-30,10,M,113,80575.26493852306
DELHI,2022-05-31,10,M,104,89895.8280325444
DELHI,2022-06-01,10,M,108,86471.02151920437
DELHI,2022-06-02,10,M,107,77789.79613940086
DELHI,2022-06-03,10,M,113,81166.84846111684
DELHI,2022-06-04,10,M,112,88523.95918367349
DELHI,2022-06-05,10,M,111,79537.40410680958
DELHI,2022-06-06,10,M,114,72466.6645121575
DELHI,2022-06-07,10,L,114,94584.32409972296
DELHI,2022-06-08,10,XXL,117,72607.97998392879
DELHI,2022-06-09,10,XXL,115,81234.03130434785
DELHI,2022-06-10,10,L,113,108654.1494243872
DELHI,2022-06-11,10,XXL,118,90295.78634013224
DELHI,2022-06-12,10,XXL,112,90273.19124681124
DELHI,2022-06-13,10,XXL,113,92905.51382253907
DELHI,2022-06-14,10,L,114,114803.51308094792
DELHI,2022-06-15,10,L,115,101770.56862003781
DELHI,2022-06-16,10,XL,107,75445.80504847586
DELHI,2022-06-17,10,XL,111,74252.72753834917
DELHI,2022-06-18,10,XL,116,72516.04302913207
DELHI,2022-06-19,10,XL,117,69155.86061801459
DELHI,2022-06-20,10,XL,112,73261.13384885195
DELHI,2022-06-21,10,XL,124,76636.48777315306
DELHI,2022-06-22,10,XL,127,81374.0747721495
DELHI,2022-06-23,10,XL,128,82089.27709960938
DELHI,2022-06-24,10,XL,122,86759.31933620002
DELHI,2022-06-25,10,XL,116,95755.15182818077
DELHI,2022-06-26,10,XL,103,98393.58073333965
DELHI,2022-06-27,10,XL,93,105279.2225690831
DELHI,2022-06-28,10,XL,90,108845.94876543211
DELHI,2022-06-29,10,XXL,85,92613.11501730111
DELHI,2022-06-30,10,XXL,79,92571.58852747956
DELHI,2022-07-01,10,XXL,66,82502.7118916437
DELHI,2022-07-02,10,XXL,59,73498.0494110887
DELHI,2022-07-03,10,L,50,52870.158400000015
DELHI,2022-07-04,10,L,45,38684.338765432185
DELHI,2022-07-05,10,L,38,32712.676592797856
DELHI,2022-07-06,10,XXL,31,48169.87721123826
DELHI,2022-07-07,10,M,20,69747.62749999994
DELHI,2022-07-08,10,XS,10,29013.890000000072
DELHI,2022-07-09,10,M,3,23304.22222222213
GOA,2022-04-01,10,XXL,1,0.0
GOA,2022-04-02,10,S,2,30.25
GOA,2022-04-03,10,S,6,3763.888888888905
GOA,2022-04-04,10,S,10,9189.799999999988
GOA,2022-04-05,10,S,12,9598.055555555591
GOA,2022-04-06,10,L,17,50982.79584775085
GOA,2022-04-07,10,L,19,47442.55955678667
GOA,2022-04-08,10,L,19,47442.55955678667
GOA,2022-04-09,10,L,25,38439.62559999997
GOA,2022-04-10,10,L,26,36965.556213017786
GOA,2022-04-11,10,L,28,46847.26530612243
GOA,2022-04-12,10,L,29,47574.09274673008
GOA,2022-04-13,10,L,30,40552.16555555555
GOA,2022-04-14,10,M,26,32497.840236686345
GOA,2022-04-15,10,M,27,30096.521262002818
GOA,2022-04-16,10,M,29,39363.76694411418
GOA,2022-04-17,10,M,30,53843.03999999998
GOA,2022-04-18,10,M,28,62421.38775510201
GOA,2022-04-19,10,M,28,63592.28061224497
GOA,2022-04-20,10,M,29,65638.51129607612
GOA,2022-04-21,10,M,26,65250.42159763316
GOA,2022-04-22,10,M,29,60109.90725326986
GOA,2022-04-23,10,M,29,61230.9726516052
GOA,2022-04-24,10,M,27,64313.9204389574
GOA,2022-04-25,10,M,25,73606.23999999999
GOA,2022-04-26,10,M,25,67232.55040000001
GOA,2022-04-27,10,XXL,22,33398.413223140524
GOA,2022-04-28,10,S,24,101131.72222222225
GOA,2022-04-29,10,M,28,66217.71811224491
GOA,2022-04-30,10,M,24,70126.20659722225
GOA,2022-05-01,10,M,22,61786.86157024797
GOA,2022-05-02,10,3XL,22,51899.14049586776
GOA,2022-05-03,10,M,21,61244.38095238095
GOA,2022-05-04,10,M,26,58059.005917159724
GOA,2022-05-05,10,M,27,47771.95061728399
GOA,2022-05-06,10,M,26,47527.47928994085
GOA,2022-05-07,10,M,23,55108.59357277886
GOA,2022-05-08,10,M,22,42041.88429752062
GOA,2022-05-09,10,L,19,50516.86980609421
GOA,2022-05-10,10,XL,21,53499.70521541941
GOA,2022-05-11,10,L,20,48718.527500000026
GOA,2022-05-12,10,L,21,43033.71428571426
GOA,2022-05-13,10,XS,18,86547.32098765433
GOA,2022-05-14,10,XXL,15,42530.72888888884
GOA,2022-05-15,10,L,15,40456.13333333336
GOA,2022-05-16,10,S,15,37950.72888888884
GOA,2022-05-17,10,XXL,17,41734.525951557036
GOA,2022-05-18,10,XXL,17,38852.7612456748
GOA,2022-05-19,10,XL,17,57289.557093425625
GOA,2022-05-20,10,L,18,56520.888888888876
GOA,2022-05-21,10,L,17,59606.22837370244
GOA,2022-05-22,10,M,17,54339.875432525936
GOA,2022-05-23,10,M,18,54831.08950617284
GOA,2022-05-24,10,M,19,54308.69252077563
GOA,2022-05-25,10,M,18,42729.283950617275
GOA,2022-05-26,10,XL,18,55211.617283950676
GOA,2022-05-27,10,M,17,43910.01384083045
GOA,2022-05-28,10,XL,17,38970.17993079586
GOA,2022-05-29,10,M,14,40429.10204081633
GOA,2022-05-30,10,M,17,39126.73356401382
GOA,2022-05-31,10,M,16,25425.734375
GOA,2022-06-01,10,M,17,20551.418685121113
GOA,2022-06-02,10,M,18,19579.666666666686
GOA,2022-06-03,10,M,19,17637.008310249308
GOA,2022-06-04,10,S,19,35691.94459833793
GOA,2022-06-05,10,M,18,20268.68209876545
GOA,2022-06-06,10,M,20,22587.527499999967
GOA,2022-06-07,10,M,23,34030.948960302485
GOA,2022-06-08,10,M,26,33748.93639053253
GOA,2022-06-09,10,M,24,66506.70659722225
GOA,2022-06-10,10,XXL,24,56761.289930555504
GOA,2022-06-11,10,XXL,25,55402.02559999999
GOA,2022-06-12,10,XXL,25,55309.52000000008
GOA,2022-06-13,10,XXL,27,54461.21262002736
GOA,2022-06-14,10,XXL,23,20499.96597353494
GOA,2022-06-15,10,XXL,25,20598.160000000033
GOA,2022-06-16,10,M,21,77438.43990929698
GOA,2022-06-17,10,M,22,62623.14049586776
GOA,2022-06-18,10,M,21,63678.99773242627
GOA,2022-06-19,10,M,21,30403.39229024941
GOA,2022-06-20,10,M,24,32121.15972222219
GOA,2022-06-21,10,M,26,30222.86982248514
GOA,2022-06-22,10,M,24,31119.33159722219
GOA,2022-06-23,10,M,25,55525.302399999986
GOA,2022-06-24,10,M,21,60738.34013605444
GOA,2022-06-25,10,M,24,65389.07638888882
GOA,2022-06-26,10,M,24,67422.70659722225
GOA,2022-06-27,10,M,24,75439.38888888893
GOA,2022-06-28,10,M,23,79065.03213610582
GOA,2022-06-29,10,M,22,78862.24173553713
GOA,2022-06-30,10,M,19,82249.93351800554
GOA,2022-07-01,10,M,17,90059.04498269898
GOA,2022-07-02,10,M,17,90059.04498269898
GOA,2022-07-03,10,M,15,66346.90666666668
GOA,2022-07-04,10,M,13,73247.3017751479
GOA,2022-07-05,10,M,9,67949.55555555556
GOA,2022-07-06,10,M,7,67360.77551020402
GOA,2022-07-07,10,XS,6,123018.91666666663
GOA,2022-07-08,10,M,2,3906.25
GOA,2022-07-09,10,M,1,0.0
GUJARAT,2022-04-01,10,XXL,4,2784.25
GUJARAT,2022-04-02,10,XL,17,92729.2318339101
GUJARAT,2022-04-03,10,XL,31,94821.58376690943
GUJARAT,2022-04-04,10,XL,43,112030.01406165492
GUJARAT,2022-04-05,10,XL,52,99328.00591715984
GUJARAT,2022-04-06,10,XL,58,100657.34274673014
GUJARAT,2022-04-07,10,XL,62,96241.66103017685
GUJARAT,2022-04-08,10,XL,65,93253.18248520716
GUJARAT,2022-04-09,10,XL,73,90005.23362732213
GUJARAT,2022-04-10,10,XL,83,93570.14872099942
GUJARAT,2022-04-11,10,XL,91,94704.97728395066
GUJARAT,2022-04-12,10,L,89,72088.57517990156
GUJARAT,2022-04-13,10,L,96,69676.10243055562
GUJARAT,2022-04-14,10,L,89,63239.067289483675
GUJARAT,2022-04-15,10,L,91,55787.35901461169
GUJARAT,2022-04-16,10,L,92,53995.812381852535
GUJARAT,2022-04-17,10,L,91,51072.08597995411
GUJARAT,2022-04-18,10,L,89,47680.921600807924
GUJARAT,2022-04-19,10,L,91,47870.65571790852
GUJARAT,2022-04-20,10,M,95,66421.42474007566
GUJARAT,2022-04-21,10,M,92,66023.77654336579
GUJARAT,2022-04-22,10,M,99,74780.125
GUJARAT,2022-04-23,10,M,102,71881.49580189178
GUJARAT,2022-04-24,10,M,102,74691.58996705274
GUJARAT,2022-04-25,10,M,102,72205.64098292374
GUJARAT,2022-04-26,10,M,102,70986.17836318206
GUJARAT,2022-04-27,10,M,102,73295.64775093709
GUJARAT,2022-04-28,10,XL,96,63194.55693756783
GUJARAT,2022-04-29,10,XL,106,68067.41414141416
GUJARAT,2022-04-30,10,XL,105,62374.62131163612
GUJARAT,2022-05-01,10,XL,104,64082.727272727294
GUJARAT,2022-05-02,10,XL,115,65478.97884297522
GUJARAT,2022-05-03,10,XL,113,66404.86785123969
GUJARAT,2022-05-04,10,XL,109,64424.45745817007
GUJARAT,2022-05-05,10,XL,109,69756.12958348164
GUJARAT,2022-05-06,10,XL,106,78232.35743236874
GUJARAT,2022-05-07,10,XL,97,81773.01584427338
GUJARAT,2022-05-08,10,XL,102,87312.18018569535
GUJARAT,2022-05-09,10,XL,99,83650.06825484766
GUJARAT,2022-05-10,10,XL,96,80819.65028355381
GUJARAT,2022-05-11,10,3XL,88,57697.59991887503
GUJARAT,2022-05-12,10,3XL,87,60594.633079584746
GUJARAT,2022-05-13,10,3XL,89,50827.209935262275
GUJARAT,2022-05-14,10,3XL,86,51086.304280045384
GUJARAT,2022-05-15,10,3XL,82,54166.14937500004
GUJARAT,2022-05-16,10,3XL,80,56192.592105263146
GUJARAT,2022-05-17,10,3XL,89,52885.99778546719
GUJARAT,2022-05-18,10,3XL,84,61575.65859374998
GUJARAT,2022-05-19,10,3XL,76,60045.797114682326
GUJARAT,2022-05-20,10,3XL,77,63684.11128888896
GUJARAT,2022-05-21,10,3XL,77,62472.13048888894
GUJARAT,2022-05-22,10,3XL,74,57774.64737654326
GUJARAT,2022-05-23,10,3XL,72,63020.437723167415
GUJARAT,2022-05-24,10,3XL,71,73251.90895328717
GUJARAT,2022-05-25,10,3XL,69,85157.49150596885
GUJARAT,2022-05-26,10,L,67,60236.51360946754
GUJARAT,2022-05-27,10,L,64,58568.64854318416
GUJARAT,2022-05-28,10,L,66,85788.93359375
GUJARAT,2022-05-29,10,3XL,61,100188.58305555559
GUJARAT,2022-05-30,10,XL,60,79962.60427295923
GUJARAT,2022-05-31,10,XL,59,74619.93057851237
GUJARAT,2022-06-01,10,XL,66,60599.77757544228
GUJARAT,2022-06-02,10,XL,68,56905.68158861337
GUJARAT,2022-06-03,10,XL,69,56974.83225662727
GUJARAT,2022-06-04,10,XL,69,64607.591445756145
GUJARAT,2022-06-05,10,XL,66,63448.917724609375
GUJARAT,2022-06-06,10,L,71,97935.46632653062
GUJARAT,2022-06-07,10,L,71,78839.51836734702
GUJARAT,2022-06-08,10,L,71,83243.56754612178
GUJARAT,2022-06-09,10,L,76,79844.66616626014
GUJARAT,2022-06-10,10,L,75,70153.73996913579
GUJARAT,2022-06-11,10,L,75,76758.0802469136
GUJARAT,2022-06-12,10,L,75,77668.88715277775
GUJARAT,2022-06-13,10,XXL,71,71918.71885813156
GUJARAT,2022-06-14,10,XXL,74,72064.84348343592
GUJARAT,2022-06-15,10,XXL,80,71106.06262327416
GUJARAT,2022-06-16,10,XXL,83,72232.97881420521
GUJARAT,2022-06-17,10,XXL,84,71499.84770969657
GUJARAT,2022-06-18,10,XXL,79,61799.637375611404
GUJARAT,2022-06-19,10,XXL,73,61422.08106586605
GUJARAT,2022-06-20,10,M,70,85824.3020408164
GUJARAT,2022-06-21,10,XXL,65,67074.28544378694
GUJARAT,2022-06-22,10,M,66,85788.21877869603
GUJARAT,2022-06-23,10,XXL,65,59479.477869822585
GUJARAT,2022-06-24,10,XXL,64,57550.843505859375
GUJARAT,2022-06-25,10,XXL,66,67898.25252525246
GUJARAT,2022-06-26,10,XL,62,91224.50390218513
GUJARAT,2022-06-27,10,XL,65,78923.44994082843
GUJARAT,2022-06-28,10,XXL,69,71500.31884057971
GUJARAT,2022-06-29,10,XXL,67,69107.05947872583
GUJARAT,2022-06-30,10,XXL,64,69281.86889648438
GUJARAT,2022-07-01,10,XXL,61,71204.00591238914
GUJARAT,2022-07-02,10,XXL,53,72019.4738341046
GUJARAT,2022-07-03,10,XXL,44,70694.98088842985
GUJARAT,2022-07-04,10,XL,37,42984.273192110995
GUJARAT,2022-07-05,10,XL,27,45310.595336076745
GUJARAT,2022-07-06,10,XXL,21,46650.058956916095
GUJARAT,2022-07-07,10,XXL,16,54910.359375
GUJARAT,2022-07-08,10,XL,8,46032.25
GUJARAT,2022-07-09,10,S,2,80940.25
HARYANA,2022-04-01,10,XL,4,22653.5
HARYANA,2022-04-02,10,XL,11,36999.28925619833
HARYANA,2022-04-03,10,S,17,61462.290657439386
HARYANA,2022-04-04,10,L,28,87192.88775510207
HARYANA,2022-04-05,10,L,34,85688.22231833905
HARYANA,2022-04-06,10,L,45,82753.52395061724
HARYANA,2022-04-07,10,L,48,101564.4578993055
HARYANA,2022-04-08,10,L,53,93808.54681381275
HARYANA,2022-04-09,10,L,63,93275.37011841766
HARYANA,2022-04-10,10,L,75,85339.6888888888
HARYANA,2022-04-11,10,L,86,86057.89940508385
HARYANA,2022-04-12,10,L,85,89518.23169550172
HARYANA,2022-04-13,10,L,82,94990.37492563948
HARYANA,2022-04-14,10,M,89,75570.9418002778
HARYANA,2022-04-15,10,M,84,72872.7397959184
HARYANA,2022-04-16,10,M,84,78382.04931972793
HARYANA,2022-04-17,10,M,92,77965.07502362941
HARYANA,2022-04-18,10,M,98,81848.24156601413
HARYANA,2022-04-19,10,M,95,81874.27479224384
HARYANA,2022-04-20,10,M,93,76038.0908775581
HARYANA,2022-04-21,10,M,89,98811.45436182298
HARYANA,2022-04-22,10,M,95,98158.56797783938
HARYANA,2022-04-23,10,M,92,97756.89922022674
HARYANA,2022-04-24,10,XL,98,87635.03415243654
HARYANA,2022-04-25,10,XL,101,92796.10449955886
HARYANA,2022-04-26,10,XL,100,93381.7099999999
HARYANA,2022-04-27,10,XL,94,90552.89418288821
HARYANA,2022-04-28,10,XL,87,78822.82309420005
HARYANA,2022-04-29,10,XL,92,90726.76559546316
HARYANA,2022-04-30,10,XL,94,88515.75056586694
HARYANA,2022-05-01,10,XL,93,85364.42201410566
HARYANA,2022-05-02,10,L,93,72494.68007862184
HARYANA,2022-05-03,10,XL,91,72470.001690617
HARYANA,2022-05-04,10,L,93,76254.62504335766
HARYANA,2022-05-05,10,XL,93,65299.49242687016
HARYANA,2022-05-06,10,XL,92,66068.70829395083
HARYANA,2022-05-07,10,XL,91,65731.80364690261
HARYANA,2022-05-08,10,XL,90,67670.590617284
HARYANA,2022-05-09,10,L,89,86952.55927281914
HARYANA,2022-05-10,10,M,81,190510.96326779458
HARYANA,2022-05-11,10,M,82,198082.25342058297
HARYANA,2022-05-12,10,M,82,191424.22010707908
HARYANA,2022-05-13,10,M,82,196187.11600237957
HARYANA,2022-05-14,10,M,71,205486.40983931755
HARYANA,2022-05-15,10,M,73,206446.10358416208
HARYANA,2022-05-16,10,M,70,209823.51530612237
HARYANA,2022-05-17,10,M,72,207887.08314043214
HARYANA,2022-05-18,10,XL,71,78367.97857567947
HARYANA,2022-05-19,10,XL,69,80242.90653224115
HARYANA,2022-05-20,10,XL,66,77402.55280073459
HARYANA,2022-05-21,10,XL,66,78150.36019283748
HARYANA,2022-05-22,10,L,65,69381.63408284023
HARYANA,2022-05-23,10,L,68,56965.91955017304
HARYANA,2022-05-24,10,L,71,60743.02638365404
HARYANA,2022-05-25,10,L,74,63676.947589481424
HARYANA,2022-05-26,10,L,69,65039.55555555556
HARYANA,2022-05-27,10,M,70,94109.690612245
HARYANA,2022-05-28,10,M,75,95288.6158222222
HARYANA,2022-05-29,10,M,78,106810.05128205125
HARYANA,2022-05-30,10,M,80,108041.74234374997
HARYANA,2022-05-31,10,M,85,107572.48359861592
HARYANA,2022-06-01,10,M,84,93206.6035997732
HARYANA,2022-06-02,10,M,90,79933.07024691364
HARYANA,2022-06-03,10,M,89,84352.79510162846
HARYANA,2022-06-04,10,M,91,88670.81777563097
HARYANA,2022-06-05,10,M,89,89245.20111097075
HARYANA,2022-06-06,10,M,84,103538.45181405905
HARYANA,2022-06-07,10,L,83,108540.22412541736
HARYANA,2022-06-08,10,M,84,93099.50836167793
HARYANA,2022-06-09,10,L,83,116812.03367687622
HARYANA,2022-06-10,10,L,85,111923.39515570924
HARYANA,2022-06-11,10,L,83,99034.65873131074
HARYANA,2022-06-12,10,L,80,93898.80484375003
HARYANA,2022-06-13,10,L,85,101904.56830449833
HARYANA,2022-06-14,10,L,89,91854.71910112363
HARYANA,2022-06-15,10,L,91,93113.63724187901
HARYANA,2022-06-16,10,L,83,92758.15299753228
HARYANA,2022-06-17,10,L,88,92759.23747417366
HARYANA,2022-06-18,10,L,89,105457.15591465728
HARYANA,2022-06-19,10,L,86,111559.39386154665
HARYANA,2022-06-20,10,L,78,118317.44510190678
HARYANA,2022-06-21,10,XXL,72,89911.80246913579
HARYANA,2022-06-22,10,L,72,118660.38406635798
HARYANA,2022-06-23,10,L,67,115150.66830028954
HARYANA,2022-06-24,10,XXL,69,84758.8813274522
HARYANA,2022-06-25,10,M,65,92941.40686390543
HARYANA,2022-06-26,10,XXL,62,76527.41441207082
HARYANA,2022-06-27,10,L,60,106722.50305555557
HARYANA,2022-06-28,10,L,59,93455.60586038494
HARYANA,2022-06-29,10,M,57,100707.9686057248
HARYANA,2022-06-30,10,XL,56,107251.03443877556
HARYANA,2022-07-01,10,L,51,73711.11264898122
HARYANA,2022-07-02,10,XL,46,109469.63752362941
HARYANA,2022-07-03,10,XL,42,103553.88038548746
HARYANA,2022-07-04,10,XL,34,107896.83737024223
HARYANA,2022-07-05,10,L,31,79532.51612903224
HARYANA,2022-07-06,10,L,23,82141.27032136108
HARYANA,2022-07-07,10,M,14,131739.65816326533
HARYANA,2022-07-08,10,M,7,78738.24489795914
HARYANA,2022-07-09,10,S,4,72486.6875
HIMACHAL PRADESH,2022-04-02,10,L,7,58352.81632653065
HIMACHAL PRADESH,2022-04-03,10,L,10,49147.25
HIMACHAL PRADESH,2022-04-04,10,L,11,49990.247933884384
HIMACHAL PRADESH,2022-04-05,10,L,16,51201.37109375
HIMACHAL PRADESH,2022-04-06,10,L,19,47141.290858725726
HIMACHAL PRADESH,2022-04-07,10,L,19,47141.290858725726
HIMACHAL PRADESH,2022-04-08,10,L,19,47141.290858725726
HIMACHAL PRADESH,2022-04-09,10,L,20,46700.26000000007
HIMACHAL PRADESH,2022-04-10,10,L,21,44487.759637188225
HIMACHAL PRADESH,2022-04-11,10,L,23,66999.97731569002
HIMACHAL PRADESH,2022-04-12,10,L,18,63578.69444444444
HIMACHAL PRADESH,2022-04-13,10,S,16,166868.484375
HIMACHAL PRADESH,2022-04-14,10,L,14,51694.39285714284
HIMACHAL PRADESH,2022-04-15,10,XL,15,126689.62666666665
HIMACHAL PRADESH,2022-04-16,10,L,14,80405.35204081639
HIMACHAL PRADESH,2022-04-17,10,XL,19,149437.19667590025
HIMACHAL PRADESH,2022-04-18,10,XL,22,133100.04338842968
HIMACHAL PRADESH,2022-04-19,10,S,23,124881.2098298677
HIMACHAL PRADESH,2022-04-20,10,L,23,96174.26086956525
HIMACHAL PRADESH,2022-04-21,10,L,24,68590.83333333331
HIMACHAL PRADESH,2022-04-22,10,L,23,68901.85255198495
HIMACHAL PRADESH,2022-04-23,10,L,24,75235.94270833331
HIMACHAL PRADESH,2022-04-24,10,L,28,95703.28954081639
HIMACHAL PRADESH,2022-04-25,10,L,24,106207.74826388899
HIMACHAL PRADESH,2022-04-26,10,S,23,89082.75992438558
HIMACHAL PRADESH,2022-04-27,10,L,23,158517.7088846881
HIMACHAL PRADESH,2022-04-28,10,L,22,136684.62809917354
HIMACHAL PRADESH,2022-04-29,10,L,20,149809.9275000001
HIMACHAL PRADESH,2022-04-30,10,M,21,88597.28344671201
HIMACHAL PRADESH,2022-05-01,10,M,25,78811.68000000005
HIMACHAL PRADESH,2022-05-02,10,M,23,76339.4480151229
HIMACHAL PRADESH,2022-05-03,10,M,24,64543.97222222225
HIMACHAL PRADESH,2022-05-04,10,M,25,65475.79839999991
HIMACHAL PRADESH,2022-05-05,10,M,24,67475.5555555555
HIMACHAL PRADESH,2022-05-06,10,M,23,72000.05671077507
HIMACHAL PRADESH,2022-05-07,10,M,23,79499.08506616263
HIMACHAL PRADESH,2022-05-08,10,M,21,85441.74149659858
HIMACHAL PRADESH,2022-05-09,10,M,25,91176.64000000001
HIMACHAL PRADESH,2022-05-10,10,M,23,72759.90926275984
HIMACHAL PRADESH,2022-05-11,10,M,19,78155.56232686993
HIMACHAL PRADESH,2022-05-12,10,M,18,77743.1358024691
HIMACHAL PRADESH,2022-05-13,10,M,17,83940.93425605539
HIMACHAL PRADESH,2022-05-14,10,M,16,100882.609375
HIMACHAL PRADESH,2022-05-15,10,M,15,104623.31555555563
HIMACHAL PRADESH,2022-05-16,10,XL,16,80676.859375
HIMACHAL PRADESH,2022-05-17,10,XL,16,78830.234375
HIMACHAL PRADESH,2022-05-18,10,XL,15,84048.3733333333
HIMACHAL PRADESH,2022-05-19,10,XL,15,84048.3733333333
HIMACHAL PRADESH,2022-05-20,10,XL,15,87423.9288888888
HIMACHAL PRADESH,2022-05-21,10,XL,14,86432.49489795923
HIMACHAL PRADESH,2022-05-22,10,M,12,78183.66666666663
HIMACHAL PRADESH,2022-05-23,10,M,13,88597.5384615385
HIMACHAL PRADESH,2022-05-24,10,M,12,77290.90972222225
HIMACHAL PRADESH,2022-05-25,10,M,14,78289.91836734698
HIMACHAL PRADESH,2022-05-26,10,M,13,73197.9408284023
HIMACHAL PRADESH,2022-05-27,10,M,11,75256.01652892563
HIMACHAL PRADESH,2022-05-28,10,M,10,81347.25
HIMACHAL PRADESH,2022-05-29,10,L,11,84338.0
HIMACHAL PRADESH,2022-05-30,10,L,10,95229.81000000006
HIMACHAL PRADESH,2022-05-31,10,L,11,93652.99173553719
HIMACHAL PRADESH,2022-06-01,10,L,12,64596.72222222225
HIMACHAL PRADESH,2022-06-02,10,L,13,61620.59171597625
HIMACHAL PRADESH,2022-06-03,10,L,14,88719.78061224491
HIMACHAL PRADESH,2022-06-04,10,L,14,84112.63775510207
HIMACHAL PRADESH,2022-06-05,10,L,13,88302.05917159765
HIMACHAL PRADESH,2022-06-06,10,L,14,83481.0
HIMACHAL PRADESH,2022-06-07,10,S,13,97284.24852071004
HIMACHAL PRADESH,2022-06-08,10,S,16,116308.8125
HIMACHAL PRADESH,2022-06-09,10,S,15,119785.57333333336
HIMACHAL PRADESH,2022-06-10,10,S,17,113650.73356401396
HIMACHAL PRADESH,2022-06-11,10,S,17,104585.50173010386
HIMACHAL PRADESH,2022-06-12,10,S,15,79675.66222222219
HIMACHAL PRADESH,2022-06-13,10,S,17,112284.44290657435
HIMACHAL PRADESH,2022-06-14,10,S,17,116706.38062283746
HIMACHAL PRADESH,2022-06-15,10,S,14,135062.693877551
HIMACHAL PRADESH,2022-06-16,10,S,16,120851.25
HIMACHAL PRADESH,2022-06-17,10,S,15,108087.9288888888
HIMACHAL PRADESH,2022-06-18,10,M,13,47916.3786982249
HIMACHAL PRADESH,2022-06-19,10,M,13,47916.3786982249
HIMACHAL PRADESH,2022-06-20,10,L,11,54986.33057851251
HIMACHAL PRADESH,2022-06-21,10,L,11,54986.33057851251
HIMACHAL PRADESH,2022-06-22,10,L,11,73872.99173553719
HIMACHAL PRADESH,2022-06-23,10,XL,12,87720.74305555562
HIMACHAL PRADESH,2022-06-24,10,L,12,87052.6875
HIMACHAL PRADESH,2022-06-25,10,XL,14,100279.40816326521
HIMACHAL PRADESH,2022-06-26,10,L,15,83389.84888888884
HIMACHAL PRADESH,2022-06-27,10,L,15,83449.04888888879
HIMACHAL PRADESH,2022-06-28,10,L,15,82489.7955555555
HIMACHAL PRADESH,2022-06-29,10,S,16,79106.5625
HIMACHAL PRADESH,2022-06-30,10,S,14,78304.38775510213
HIMACHAL PRADESH,2022-07-01,10,S,14,78304.38775510213
HIMACHAL PRADESH,2022-07-02,10,S,13,81601.00591715978
HIMACHAL PRADESH,2022-07-03,10,S,11,91242.41322314052
HIMACHAL PRADESH,2022-07-04,10,S,9,90481.99999999994
HIMACHAL PRADESH,2022-07-05,10,S,7,87871.06122448982
HIMACHAL PRADESH,2022-07-06,10,M,5,11579.360000000102
HIMACHAL PRADESH,2022-07-07,10,S,5,99995.19999999995
HIMACHAL PRADESH,2022-07-08,10,S,4,19506.1875
JAMMU & KASHMIR,2022-04-02,10,3XL,1,0.0
JAMMU & KASHMIR,2022-04-03,10,M,2,20449.0
JAMMU & KASHMIR,2022-04-04,10,XL,3,28466.0
JAMMU & KASHMIR,2022-04-05,10,3XL,4,133778.25
JAMMU & KASHMIR,2022-04-06,10,M,5,67259.03999999998
JAMMU & KASHMIR,2022-04-07,10,3XL,7,109701.42857142852
JAMMU & KASHMIR,2022-04-08,10,M,7,49587.38775510207
JAMMU & KASHMIR,2022-04-09,10,3XL,10,106060.04000000004
JAMMU & KASHMIR,2022-04-10,10,3XL,11,108706.42975206621
JAMMU & KASHMIR,2022-04-11,10,3XL,12,100465.13888888893
JAMMU & KASHMIR,2022-04-12,10,3XL,13,85063.38461538462
JAMMU & KASHMIR,2022-04-13,10,3XL,14,88018.51530612237
JAMMU & KASHMIR,2022-04-14,10,3XL,14,72923.94387755106
JAMMU & KASHMIR,2022-04-15,10,3XL,14,70687.78061224491
JAMMU & KASHMIR,2022-04-16,10,3XL,15,103104.02666666661
JAMMU & KASHMIR,2022-04-17,10,3XL,15,97563.97333333327
JAMMU & KASHMIR,2022-04-18,10,3XL,16,91604.62109375
JAMMU & KASHMIR,2022-04-19,10,3XL,14,95107.53061224485
JAMMU & KASHMIR,2022-04-20,10,L,14,47939.31122448982
JAMMU & KASHMIR,2022-04-21,10,L,15,46051.09333333332
JAMMU & KASHMIR,2022-04-22,10,S,19,71276.97506925208
JAMMU & KASHMIR,2022-04-23,10,S,21,72235.63265306107
JAMMU & KASHMIR,2022-04-24,10,L,20,36758.147499999905
JAMMU & KASHMIR,2022-04-25,10,L,19,38166.66481994459
JAMMU & KASHMIR,2022-04-26,10,S,19,64478.87534626038
JAMMU & KASHMIR,2022-04-27,10,S,21,65547.75963718828
JAMMU & KASHMIR,2022-04-28,10,S,21,62741.93650793657
JAMMU & KASHMIR,2022-04-29,10,S,21,58602.78911564627
JAMMU & KASHMIR,2022-04-30,10,S,19,51004.65927977837
JAMMU & KASHMIR,2022-05-01,10,L,14,48260.81632653059
JAMMU & KASHMIR,2022-05-02,10,XL,16,123050.0
JAMMU & KASHMIR,2022-05-03,10,M,15,91493.35999999993
JAMMU & KASHMIR,2022-05-04,10,XL,14,75193.48979591846
JAMMU & KASHMIR,2022-05-05,10,XL,16,67480.77734375
JAMMU & KASHMIR,2022-05-06,10,M,18,81380.57098765427
JAMMU & KASHMIR,2022-05-07,10,M,16,59262.05859375
JAMMU & KASHMIR,2022-05-08,10,M,17,47974.79584775097
JAMMU & KASHMIR,2022-05-09,10,XL,18,74495.61728395056
JAMMU & KASHMIR,2022-05-10,10,XL,16,66417.984375
JAMMU & KASHMIR,2022-05-11,10,XL,17,64132.2906574395
JAMMU & KASHMIR,2022-05-12,10,L,15,52272.37333333329
JAMMU & KASHMIR,2022-05-13,10,L,14,55294.918367346865
JAMMU & KASHMIR,2022-05-14,10,L,13,54728.39053254435
JAMMU & KASHMIR,2022-05-15,10,L,13,66150.02366863919
JAMMU & KASHMIR,2022-05-16,10,L,14,61507.34693877539
JAMMU & KASHMIR,2022-05-17,10,L,15,62034.51555555547
JAMMU & KASHMIR,2022-05-18,10,L,13,61276.63905325433
JAMMU & KASHMIR,2022-05-19,10,XXL,12,74753.24305555556
JAMMU & KASHMIR,2022-05-20,10,L,12,36760.97222222225
JAMMU & KASHMIR,2022-05-21,10,L,11,39192.066115702444
JAMMU & KASHMIR,2022-05-22,10,M,13,51759.01775147929
JAMMU & KASHMIR,2022-05-23,10,M,14,60523.96428571432
JAMMU & KASHMIR,2022-05-24,10,M,13,64824.2485207101
JAMMU & KASHMIR,2022-05-25,10,M,12,47878.5
JAMMU & KASHMIR,2022-05-26,10,XXL,11,55743.14049586776
JAMMU & KASHMIR,2022-05-27,10,XXL,10,50557.25
JAMMU & KASHMIR,2022-05-28,10,3XL,10,61377.08999999997
JAMMU & KASHMIR,2022-05-29,10,3XL,10,61377.08999999997
JAMMU & KASHMIR,2022-05-30,10,3XL,9,64147.7283950618
JAMMU & KASHMIR,2022-05-31,10,3XL,10,82992.75999999995
JAMMU & KASHMIR,2022-06-01,10,L,10,172642.40999999992
JAMMU & KASHMIR,2022-06-02,10,L,10,165476.1600000001
JAMMU & KASHMIR,2022-06-03,10,L,11,159097.86776859505
JAMMU & KASHMIR,2022-06-04,10,L,13,159824.4023668639
JAMMU & KASHMIR,2022-06-05,10,L,14,104798.71428571426
JAMMU & KASHMIR,2022-06-06,10,L,16,89295.3125
JAMMU & KASHMIR,2022-06-07,10,L,17,84127.93771626306
JAMMU & KASHMIR,2022-06-08,10,L,19,77028.14404432126
JAMMU & KASHMIR,2022-06-09,10,L,19,81063.9335180056
JAMMU & KASHMIR,2022-06-10,10,L,18,83528.36111111118
JAMMU & KASHMIR,2022-06-11,10,XXL,17,95012.33910034603
JAMMU & KASHMIR,2022-06-12,10,L,17,81064.9134948097
JAMMU & KASHMIR,2022-06-13,10,L,20,62690.28749999998
JAMMU & KASHMIR,2022-06-14,10,L,20,59648.22749999998
JAMMU & KASHMIR,2022-06-15,10,L,18,46464.867283950676
JAMMU & KASHMIR,2022-06-16,10,L,16,55882.9375
JAMMU & KASHMIR,2022-06-17,10,L,15,57905.52888888877
JAMMU & KASHMIR,2022-06-18,10,L,13,63709.763313609525
JAMMU & KASHMIR,2022-06-19,10,L,13,56790.366863905336
JAMMU & KASHMIR,2022-06-20,10,L,13,56790.366863905336
JAMMU & KASHMIR,2022-06-21,10,3XL,14,147247.51530612248
JAMMU & KASHMIR,2022-06-22,10,XXL,14,62094.80102040811
JAMMU & KASHMIR,2022-06-23,10,XXL,14,62094.80102040811
JAMMU & KASHMIR,2022-06-24,10,XXL,15,58676.11555555562
JAMMU & KASHMIR,2022-06-25,10,XXL,12,69418.7430555555
JAMMU & KASHMIR,2022-06-26,10,XXL,12,69418.7430555555
JAMMU & KASHMIR,2022-06-27,10,XXL,12,69993.1875
JAMMU & KASHMIR,2022-06-28,10,XXL,13,68571.47928994085
JAMMU & KASHMIR,2022-06-29,10,XXL,12,37715.75
JAMMU & KASHMIR,2022-06-30,10,XXL,11,27309.52066115709
JAMMU & KASHMIR,2022-07-01,10,XXL,7,33482.20408163272
JAMMU & KASHMIR,2022-07-02,10,XL,6,3520.8888888889924
JAMMU & KASHMIR,2022-07-03,10,XXL,5,12969.360000000044
JAMMU & KASHMIR,2022-07-04,10,XXL,4,15802.1875
JAMMU & KASHMIR,2022-07-05,10,XL,3,3190.22222222219
JAMMU & KASHMIR,2022-07-06,10,XXL,3,19148.222222222248
JAMMU & KASHMIR,2022-07-07,10,M,3,207949.55555555562
JAMMU & KASHMIR,2022-07-08,10,S,1,0.0
JHARKHAND,2022-04-01,10,M,2,2500.0
JHARKHAND,2022-04-02,10,XXL,7,112093.55102040817
JHARKHAND,2022-04-03,10,M,12,39149.1875
JHARKHAND,2022-04-04,10,M,14,40134.7397959184
JHARKHAND,2022-04-05,10,M,15,37770.86222222226
JHARKHAND,2022-04-06,10,M,19,34087.56786703598
JHARKHAND,2022-04-07,10,M,22,42614.413223140524
JHARKHAND,2022-04-08,10,M,25,38145.417600000044
JHARKHAND,2022-04-09,10,M,26,37068.196745562076
JHARKHAND,2022-04-10,10,M,29,40494.04518430447
JHARKHAND,2022-04-11,10,M,27,42623.862825788674
JHARKHAND,2022-04-12,10,M,30,50746.76555555558
JHARKHAND,2022-04-13,10,L,27,52203.0480109739
JHARKHAND,2022-04-14,10,M,27,81359.80246913579
JHARKHAND,2022-04-15,10,L,30,63509.64555555559
JHARKHAND,2022-04-16,10,L,31,60714.572320499516
JHARKHAND,2022-04-17,10,L,36,61366.55555555556
JHARKHAND,2022-04-18,10,L,39,60522.8284023669
JHARKHAND,2022-04-19,10,L,40,67797.04750000004
JHARKHAND,2022-04-20,10,L,39,67359.92504930974
JHARKHAND,2022-04-21,10,M,42,99509.28174603177
JHARKHAND,2022-04-22,10,M,44,87838.02221074386
JHARKHAND,2022-04-23,10,M,46,87269.49574669189
JHARKHAND,2022-04-24,10,M,47,78748.83838841098
JHARKHAND,2022-04-25,10,M,49,70914.46314035822
JHARKHAND,2022-04-26,10,M,50,87716.62760000012
JHARKHAND,2022-04-27,10,M,53,95226.5140619438
JHARKHAND,2022-04-28,10,M,58,102663.33769322239
JHARKHAND,2022-04-29,10,M,59,100508.40333237586
JHARKHAND,2022-04-30,10,M,55,94558.64330578508
JHARKHAND,2022-05-01,10,M,48,94732.18706597225
JHARKHAND,2022-05-02,10,M,45,95095.80444444437
JHARKHAND,2022-05-03,10,M,44,89178.78254132229
JHARKHAND,2022-05-04,10,M,42,92298.5691609977
JHARKHAND,2022-05-05,10,M,39,93801.38198553579
JHARKHAND,2022-05-06,10,M,36,79524.73070987657
JHARKHAND,2022-05-07,10,S,35,86721.13959183678
JHARKHAND,2022-05-08,10,S,35,87430.27428571437
JHARKHAND,2022-05-09,10,S,35,87726.31346938771
JHARKHAND,2022-05-10,10,S,34,84810.88927335641
JHARKHAND,2022-05-11,10,S,32,94546.1875
JHARKHAND,2022-05-12,10,S,31,94145.98335067631
JHARKHAND,2022-05-13,10,S,31,94621.7877211239
JHARKHAND,2022-05-14,10,S,23,94966.83931947069
JHARKHAND,2022-05-15,10,XL,21,105980.693877551
JHARKHAND,2022-05-16,10,L,23,78440.57466918713
JHARKHAND,2022-05-17,10,L,23,78645.28166351607
JHARKHAND,2022-05-18,10,L,25,95637.06559999997
JHARKHAND,2022-05-19,10,L,24,85289.24305555562
JHARKHAND,2022-05-20,10,L,24,81996.62326388899
JHARKHAND,2022-05-21,10,L,23,84755.64461247635
JHARKHAND,2022-05-22,10,L,21,89961.91836734687
JHARKHAND,2022-05-23,10,L,23,88461.99243856332
JHARKHAND,2022-05-24,10,L,21,93768.72108843538
JHARKHAND,2022-05-25,10,L,21,93965.20181405894
JHARKHAND,2022-05-26,10,S,20,86799.82750000001
JHARKHAND,2022-05-27,10,S,22,73264.38016528916
JHARKHAND,2022-05-28,10,L,20,43832.94
JHARKHAND,2022-05-29,10,L,19,38863.71191135736
JHARKHAND,2022-05-30,10,M,22,97400.56198347104
JHARKHAND,2022-05-31,10,M,23,112037.96975425328
JHARKHAND,2022-06-01,10,M,30,108823.78222222219
JHARKHAND,2022-06-02,10,M,28,103723.30994897964
JHARKHAND,2022-06-03,10,M,29,120027.2675386446
JHARKHAND,2022-06-04,10,M,30,119385.71222222212
JHARKHAND,2022-06-05,10,M,29,121834.45422116527
JHARKHAND,2022-06-06,10,M,31,120610.9947970864
JHARKHAND,2022-06-07,10,M,33,118854.54729109281
JHARKHAND,2022-06-08,10,M,30,116190.43222222215
JHARKHAND,2022-06-09,10,M,28,85172.60586734687
JHARKHAND,2022-06-10,10,M,27,94638.41426611802
JHARKHAND,2022-06-11,10,L,21,85091.89569160994
JHARKHAND,2022-06-12,10,M,23,95495.56143667287
JHARKHAND,2022-06-13,10,M,23,94369.77693761815
JHARKHAND,2022-06-14,10,L,21,83550.58503401355
JHARKHAND,2022-06-15,10,L,21,83522.62585034012
JHARKHAND,2022-06-16,10,L,22,71667.97520661162
JHARKHAND,2022-06-17,10,L,22,51576.5371900826
JHARKHAND,2022-06-18,10,L,23,62753.27410207939
JHARKHAND,2022-06-19,10,L,22,57804.59504132235
JHARKHAND,2022-06-20,10,L,20,79350.24750000006
JHARKHAND,2022-06-21,10,L,19,80381.98337950133
JHARKHAND,2022-06-22,10,M,21,118868.0
JHARKHAND,2022-06-23,10,M,23,115016.17013232526
JHARKHAND,2022-06-24,10,L,23,73534.06427221169
JHARKHAND,2022-06-25,10,M,24,114607.65104166663
JHARKHAND,2022-06-26,10,L,20,84811.72749999998
JHARKHAND,2022-06-27,10,M,22,98620.50413223135
JHARKHAND,2022-06-28,10,M,23,111092.24574669183
JHARKHAND,2022-06-29,10,M,25,132291.17759999994
JHARKHAND,2022-06-30,10,M,20,126196.83999999997
JHARKHAND,2022-07-01,10,M,20,126196.83999999997
JHARKHAND,2022-07-02,10,M,15,112475.12888888887
JHARKHAND,2022-07-03,10,M,11,93491.88429752062
JHARKHAND,2022-07-04,10,M,11,93491.88429752062
JHARKHAND,2022-07-05,10,M,9,98384.09876543202
JHARKHAND,2022-07-06,10,M,8,108753.4375
JHARKHAND,2022-07-07,10,M,5,155369.84000000003
JHARKHAND,2022-07-08,10,3XL,4,80464.75
JHARKHAND,2022-07-09,10,3XL,1,0.0
KARNATAKA,2022-04-01,5,M,6,20561.916666666686
KARNATAKA,2022-04-02,5,M,37,90338.5434623814
KARNATAKA,2022-04-03,5,M,68,102536.89684256056
KARNATAKA,2022-04-04,5,XL,108,79354.24374142668
KARNATAKA,2022-04-05,5,XL,144,71928.10026041663
KARNATAKA,2022-04-06,5,L,178,79637.50347178383
KARNATAKA,2022-04-07,5,L,192,68073.21831597225
KARNATAKA,2022-04-08,5,L,184,56927.94987594511
KARNATAKA,2022-04-09,5,L,179,51718.80172279262
KARNATAKA,2022-04-10,5,L,186,50145.516736038844
KARNATAKA,2022-04-11,5,L,189,54712.112370874325
KARNATAKA,2022-04-12,5,L,183,62652.157723431534
KARNATAKA,2022-04-13,5,L,176,56531.8463003615
KARNATAKA,2022-04-14,5,L,185,61312.25116143172
KARNATAKA,2022-04-15,5,L,183,63287.756397623045
KARNATAKA,2022-04-16,5,L,180,66667.4781172839
KARNATAKA,2022-04-17,5,L,197,70193.9618645159
KARNATAKA,2022-04-18,5,L,204,73303.99219050369
KARNATAKA,2022-04-19,5,XL,195,55825.08707429323
KARNATAKA,2022-04-20,5,XL,192,57289.667290581565
KARNATAKA,2022-04-21,5,M,178,69519.48494508275
KARNATAKA,2022-04-22,5,M,171,70162.41305016924
KARNATAKA,2022-04-23,5,M,179,70506.67463562306
KARNATAKA,2022-04-24,5,M,183,68218.5104959837
KARNATAKA,2022-04-25,5,L,175,62533.06102857145
KARNATAKA,2022-04-26,5,M,172,60088.62449296919
KARNATAKA,2022-04-27,5,L,173,67618.50258946168
KARNATAKA,2022-04-28,5,L,171,73422.14924250194
KARNATAKA,2022-04-29,5,L,185,70939.04970051127
KARNATAKA,2022-04-30,5,L,173,68688.0707006582
KARNATAKA,2022-05-01,5,L,174,71508.78851235297
KARNATAKA,2022-05-02,5,L,169,75503.89349112421
KARNATAKA,2022-05-03,5,M,188,53299.728497057455
KARNATAKA,2022-05-04,5,M,191,45098.29132973333
KARNATAKA,2022-05-05,5,M,211,57094.25682262302
KARNATAKA,2022-05-06,5,M,212,60928.75560697762
KARNATAKA,2022-05-07,5,XL,193,83216.05175977875
KARNATAKA,2022-05-08,5,XL,178,87213.30567478854
KARNATAKA,2022-05-09,5,M,162,78763.51779454353
KARNATAKA,2022-05-10,5,XL,144,71246.78684413579
KARNATAKA,2022-05-11,5,M,128,66561.2006225586
KARNATAKA,2022-05-12,5,M,137,74431.99211465719
KARNATAKA,2022-05-13,5,M,125,107580.49497599993
KARNATAKA,2022-05-14,5,M,120,109118.89555555565
KARNATAKA,2022-05-15,5,M,120,97373.67083333328
KARNATAKA,2022-05-16,5,M,120,98472.23305555561
KARNATAKA,2022-05-17,5,M,115,88841.78404536861
KARNATAKA,2022-05-18,5,M,113,61359.48782206909
KARNATAKA,2022-05-19,5,M,128,69038.453125
KARNATAKA,2022-05-20,5,M,130,72240.9197633136
KARNATAKA,2022-05-21,5,M,123,71578.4823848239
KARNATAKA,2022-05-22,5,M,125,81969.82105600007
KARNATAKA,2022-05-23,5,M,123,81748.45092207019
KARNATAKA,2022-05-24,5,L,120,60458.55493055552
KARNATAKA,2022-05-25,5,L,132,61861.36776859505
KARNATAKA,2022-05-26,5,XL,134,81348.66145021172
KARNATAKA,2022-05-27,5,XL,133,74744.55548646057
KARNATAKA,2022-05-28,5,XL,130,44602.94017751474
KARNATAKA,2022-05-29,5,XL,139,48414.72190880397
KARNATAKA,2022-05-30,5,XL,147,51498.338007311744
KARNATAKA,2022-05-31,5,XL,147,56010.32653061225
KARNATAKA,2022-06-01,5,XL,140,70564.77122448984
KARNATAKA,2022-06-02,5,M,171,76535.95718340675
KARNATAKA,2022-06-03,5,M,174,68090.96155370597
KARNATAKA,2022-06-04,5,M,172,73816.60394131963
KARNATAKA,2022-06-05,5,M,163,73109.93586510589
KARNATAKA,2022-06-06,5,M,166,69336.74266947305
KARNATAKA,2022-06-07,5,XL,155,63580.65748178976
KARNATAKA,2022-06-08,5,L,166,68249.85092175927
KARNATAKA,2022-06-09,5,XL,185,66008.67506208911
KARNATAKA,2022-06-10,5,L,187,73266.67082272866
KARNATAKA,2022-06-11,5,L,180,87679.77070987655
KARNATAKA,2022-06-12,5,L,176,89343.23860408063
KARNATAKA,2022-06-13,5,XL,177,73547.47377828846
KARNATAKA,2022-06-14,5,L,168,87865.80428004533
KARNATAKA,2022-06-15,5,L,165,80782.41153351706
KARNATAKA,2022-06-16,5,M,171,88137.09141274239
KARNATAKA,2022-06-17,5,M,171,88613.63687972364
KARNATAKA,2022-06-18,5,M,166,93369.59794600081
KARNATAKA,2022-06-19,5,M,169,90037.8740240187
KARNATAKA,2022-06-20,5,M,149,78046.62204405211
KARNATAKA,2022-06-21,5,XL,139,68897.94317064335
KARNATAKA,2022-06-22,5,M,136,63047.34553416958
KARNATAKA,2022-06-23,5,M,136,62165.826503027754
KARNATAKA,2022-06-24,5,L,126,85307.45609725366
KARNATAKA,2022-06-25,5,L,134,81948.18979728222
KARNATAKA,2022-06-26,5,L,131,63440.44507895806
KARNATAKA,2022-06-27,5,M,123,79097.44054464932
KARNATAKA,2022-06-28,5,M,114,86149.41982148355
KARNATAKA,2022-06-29,5,L,112,70859.85204081633
KARNATAKA,2022-06-30,5,L,95,66705.87301939056
KARNATAKA,2022-07-01,5,L,71,78485.33068835543
KARNATAKA,2022-07-02,5,L,52,71866.74556213018
KARNATAKA,2022-07-03,5,L,27,72509.76406035665
KARNATAKA,2022-07-04,5,M,6,20085.805555555533
KERALA,2022-04-01,10,S,3,4630.888888888934
KERALA,2022-04-02,10,XL,15,50807.98222222226
KERALA,2022-04-03,10,M,31,63364.43496357964
KERALA,2022-04-04,10,L,43,59020.38831800973
KERALA,2022-04-05,10,L,51,53327.229527104995
KERALA,2022-04-06,10,M,65,62015.16071005922
KERALA,2022-04-07,10,M,76,58638.48060941824
KERALA,2022-04-08,10,M,89,56545.7260446914
KERALA,2022-04-09,10,L,103,47818.61532660946
KERALA,2022-04-10,10,L,112,52157.80859375
KERALA,2022-04-11,10,M,126,60313.90299823636
KERALA,2022-04-12,10,M,122,55539.24724536424
KERALA,2022-04-13,10,M,115,60223.46192816639
KERALA,2022-04-14,10,M,115,59245.2068052931
KERALA,2022-04-15,10,L,122,64028.41366568132
KERALA,2022-04-16,10,L,125,65703.48761599994
KERALA,2022-04-17,10,L,125,68001.73414399999
KERALA,2022-04-18,10,L,127,74728.50641701277
KERALA,2022-04-19,10,L,124,72064.87740634748
KERALA,2022-04-20,10,L,120,67658.06638888892
KERALA,2022-04-21,10,L,129,55262.25779700739
KERALA,2022-04-22,10,L,135,54538.29574759939
KERALA,2022-04-23,10,L,142,56459.19242213847
KERALA,2022-04-24,10,L,136,58365.13186634949
KERALA,2022-04-25,10,L,132,54715.45196280995
KERALA,2022-04-26,10,L,131,49784.692267350445
KERALA,2022-04-27,10,L,127,49092.91375782754
KERALA,2022-04-28,10,XL,123,49867.826426069136
KERALA,2022-04-29,10,L,120,43329.3997222223
KERALA,2022-04-30,10,L,126,46009.39411690598
KERALA,2022-05-01,10,L,116,48412.65480083233
KERALA,2022-05-02,10,XL,118,48826.856363114144
KERALA,2022-05-03,10,XL,122,46352.05025530775
KERALA,2022-05-04,10,XL,124,39877.404786680534
KERALA,2022-05-05,10,XL,126,44270.83629377675
KERALA,2022-05-06,10,XL,127,40986.67518135032
KERALA,2022-05-07,10,M,122,60854.7289035205
KERALA,2022-05-08,10,M,124,67070.82258064515
KERALA,2022-05-09,10,M,119,65359.20259868656
KERALA,2022-05-10,10,XL,118,53735.52197644353
KERALA,2022-05-11,10,L,116,65605.76538347214
KERALA,2022-05-12,10,M,114,62724.214604493696
KERALA,2022-05-13,10,L,114,64140.79262850102
KERALA,2022-05-14,10,M,102,72775.97539407917
KERALA,2022-05-15,10,S,101,59176.443093814305
KERALA,2022-05-16,10,L,103,59579.72740126308
KERALA,2022-05-17,10,L,101,62984.46093520243
KERALA,2022-05-18,10,L,98,64262.22334443976
KERALA,2022-05-19,10,L,95,66582.1961218837
KERALA,2022-05-20,10,L,99,65677.62922150805
KERALA,2022-05-21,10,M,97,73566.67467318528
KERALA,2022-05-22,10,M,98,65503.41243231989
KERALA,2022-05-23,10,M,93,66277.29818476131
KERALA,2022-05-24,10,L,93,58499.572898601065
KERALA,2022-05-25,10,L,95,58237.99711911357
KERALA,2022-05-26,10,L,80,63485.806093750114
KERALA,2022-05-27,10,XL,83,62786.8468573087
KERALA,2022-05-28,10,XL,92,65616.41304347827
KERALA,2022-05-29,10,XL,103,60605.97134508431
KERALA,2022-05-30,10,XL,102,52375.803537101136
KERALA,2022-05-31,10,XL,106,51263.682449270156
KERALA,2022-06-01,10,XL,109,53448.07103779138
KERALA,2022-06-02,10,XL,111,60532.71779887995
KERALA,2022-06-03,10,XL,109,58885.79951182555
KERALA,2022-06-04,10,XL,114,67487.680901816
KERALA,2022-06-05,10,XL,118,68411.3795604711
KERALA,2022-06-06,10,XL,113,70716.40723627544
KERALA,2022-06-07,10,XL,112,65498.060507015325
KERALA,2022-06-08,10,M,107,56583.17826884444
KERALA,2022-06-09,10,M,105,46934.53514739231
KERALA,2022-06-10,10,M,108,46568.70464677643
KERALA,2022-06-11,10,M,110,46015.81066115707
KERALA,2022-06-12,10,L,113,54980.97486099147
KERALA,2022-06-13,10,L,115,52725.02412098297
KERALA,2022-06-14,10,M,118,60704.45568802074
KERALA,2022-06-15,10,M,122,57529.918637463066
KERALA,2022-06-16,10,M,127,66477.69917539845
KERALA,2022-06-17,10,M,123,66304.37966818694
KERALA,2022-06-18,10,M,121,71133.05402636435
KERALA,2022-06-19,10,M,115,72014.82162570895
KERALA,2022-06-20,10,M,112,72622.03053252562
KERALA,2022-06-21,10,M,110,72490.29264462803
KERALA,2022-06-22,10,M,110,74456.45363636367
KERALA,2022-06-23,10,L,115,77135.76226843102
KERALA,2022-06-24,10,M,103,66990.67640682432
KERALA,2022-06-25,10,L,102,61099.532487504825
KERALA,2022-06-26,10,L,113,74077.70146448433
KERALA,2022-06-27,10,L,119,71485.86554621847
KERALA,2022-06-28,10,L,123,74543.92980368831
KERALA,2022-06-29,10,L,119,78916.1971612174
KERALA,2022-06-30,10,L,117,78900.20512820513
KERALA,2022-07-01,10,L,101,82112.70346044505
KERALA,2022-07-02,10,L,83,78540.2685440557
KERALA,2022-07-03,10,L,69,79703.081705524
KERALA,2022-07-04,10,L,65,82198.67360946746
KERALA,2022-07-05,10,L,56,91015.02774234687
KERALA,2022-07-06,10,L,35,75817.59673469386
KERALA,2022-07-07,10,S,21,60205.36054421769
KERALA,2022-07-08,10,XL,12,79770.7430555555
KERALA,2022-07-09,10,M,2,10302.25
LADAKH,2022-04-04,10,M,1,0.0
LADAKH,2022-04-05,10,M,1,0.0
LADAKH,2022-04-06,10,L,1,0.0
LADAKH,2022-04-07,10,L,1,0.0
LADAKH,2022-04-08,10,L,1,0.0
LADAKH,2022-04-09,10,L,1,0.0
LADAKH,2022-04-10,10,M,2,67860.25
LADAKH,2022-04-11,10,M,2,67860.25
LADAKH,2022-04-12,10,M,2,67860.25
LADAKH,2022-04-13,10,M,2,67860.25
LADAKH,2022-04-14,10,XL,2,22952.25
LADAKH,2022-04-15,10,L,2,6084.0
LADAKH,2022-04-16,10,3XL,1,0.0
LADAKH,2022-04-17,10,3XL,1,0.0
LADAKH,2022-04-18,10,3XL,1,0.0
LADAKH,2022-04-19,10,3XL,1,0.0
LADAKH,2022-04-20,10,3XL,1,0.0
LADAKH,2022-04-21,10,L,2,1681.0
LADAKH,2022-04-22,10,L,2,1681.0
LADAKH,2022-04-23,10,L,2,1681.0
LADAKH,2022-04-24,10,L,2,1681.0
LADAKH,2022-04-25,10,L,2,0.0
LADAKH,2022-04-26,10,L,2,0.0
LADAKH,2022-04-27,10,L,2,0.0
LADAKH,2022-04-28,10,L,2,0.0
LADAKH,2022-04-29,10,L,2,0.0
LADAKH,2022-04-30,10,L,2,0.0
LADAKH,2022-05-01,10,XXL,2,107256.25
LADAKH,2022-05-02,10,XXL,2,107256.25
LADAKH,2022-05-03,10,XXL,2,107256.25
LADAKH,2022-05-04,10,XXL,2,107256.25
LADAKH,2022-05-05,10,3XL,1,0.0
LADAKH,2022-05-06,10,3XL,1,0.0
LADAKH,2022-05-07,10,3XL,1,0.0
LADAKH,2022-05-08,10,3XL,1,0.0
LADAKH,2022-05-09,10,3XL,1,0.0
LADAKH,2022-05-10,10,3XL,1,0.0
LADAKH,2022-05-11,10,3XL,1,0.0
LADAKH,2022-05-12,10,3XL,1,0.0
LADAKH,2022-05-13,10,3XL,1,0.0
LADAKH,2022-05-14,10,S,1,0.0
LADAKH,2022-05-15,10,M,1,0.0
LADAKH,2022-05-16,10,M,1,0.0
LADAKH,2022-05-17,10,M,1,0.0
LADAKH,2022-05-18,10,M,1,0.0
LADAKH,2022-05-19,10,M,1,0.0
LADAKH,2022-05-20,10,M,1,0.0
LADAKH,2022-05-21,10,M,1,0.0
LADAKH,2022-05-22,10,M,2,157212.25
LADAKH,2022-05-23,10,M,2,157212.25
LADAKH,2022-05-24,10,M,2,157212.25
LADAKH,2022-05-25,10,M,2,2304.0
LADAKH,2022-05-26,10,M,3,112299.5555555555
LADAKH,2022-05-27,10,M,3,112299.5555555555
LADAKH,2022-05-28,10,M,3,112299.5555555555
LADAKH,2022-05-29,10,M,3,112299.5555555555
LADAKH,2022-05-30,10,M,3,112299.5555555555
LADAKH,2022-05-31,10,M,3,112299.5555555555
LADAKH,2022-06-01,10,M,2,108241.0
LADAKH,2022-06-02,10,M,2,108241.0
LADAKH,2022-06-03,10,M,2,108241.0
LADAKH,2022-06-04,10,L,1,0.0
LADAKH,2022-06-05,10,L,1,0.0
LADAKH,2022-06-06,10,L,1,0.0
LADAKH,2022-06-07,10,M,2,18090.25
LADAKH,2022-06-08,10,M,2,18090.25
LADAKH,2022-06-09,10,M,2,18090.25
LADAKH,2022-06-10,10,M,2,18090.25
LADAKH,2022-06-11,10,M,2,18090.25
LADAKH,2022-06-12,10,S,3,49734.22222222213
LADAKH,2022-06-13,10,S,3,49734.22222222213
LADAKH,2022-06-14,10,S,3,49734.22222222213
LADAKH,2022-06-15,10,M,2,18090.25
LADAKH,2022-06-16,10,M,2,18090.25
LADAKH,2022-06-17,10,S,2,27225.0
LADAKH,2022-06-18,10,S,1,0.0
LADAKH,2022-06-19,10,M,1,0.0
LADAKH,2022-06-20,10,M,2,36100.0
LADAKH,2022-06-21,10,M,2,36100.0
LADAKH,2022-06-22,10,M,2,36100.0
LADAKH,2022-06-23,10,M,2,36100.0
LADAKH,2022-06-24,10,M,2,36100.0
LADAKH,2022-06-25,10,M,2,36100.0
LADAKH,2022-06-26,10,M,2,36100.0
LADAKH,2022-06-27,10,M,2,36100.0
LADAKH,2022-06-28,10,M,2,36100.0
LADAKH,2022-06-29,10,M,1,0.0
LADAKH,2022-06-30,10,XXL,1,0.0
LADAKH,2022-07-01,10,XXL,1,0.0
LADAKH,2022-07-02,10,XXL,1,0.0
LADAKH,2022-07-03,10,XXL,1,0.0
LADAKH,2022-07-04,10,XXL,1,0.0
LADAKH,2022-07-05,10,XXL,1,0.0
LADAKH,2022-07-06,10,XXL,1,0.0
LADAKH,2022-07-07,10,XXL,1,0.0
LAKSHADWEEP,2022-04-13,10,M,1,0.0
LAKSHADWEEP,2022-04-14,10,M,1,0.0
LAKSHADWEEP,2022-04-15,10,M,1,0.0
LAKSHADWEEP,2022-04-16,10,M,1,0.0
LAKSHADWEEP,2022-04-17,10,M,1,0.0
LAKSHADWEEP,2022-04-18,10,M,1,0.0
LAKSHADWEEP,2022-04-19,10,M,1,0.0
LAKSHADWEEP,2022-04-20,10,M,1,0.0
LAKSHADWEEP,2022-04-21,10,M,1,0.0
LAKSHADWEEP,2022-04-22,10,M,1,0.0
LAKSHADWEEP,2022-05-13,10,S,1,0.0
LAKSHADWEEP,2022-05-14,10,S,1,0.0
LAKSHADWEEP,2022-05-15,10,S,1,0.0
LAKSHADWEEP,2022-05-16,10,S,1,0.0
LAKSHADWEEP,2022-05-17,10,S,1,0.0
LAKSHADWEEP,2022-05-18,10,S,1,0.0
LAKSHADWEEP,2022-05-19,10,S,1,0.0
LAKSHADWEEP,2022-05-20,10,S,1,0.0
LAKSHADWEEP,2022-05-21,10,S,1,0.0
LAKSHADWEEP,2022-05-22,10,S,1,0.0
LAKSHADWEEP,2022-06-07,10,3XL,1,0.0
LAKSHADWEEP,2022-06-08,10,3XL,1,0.0
LAKSHADWEEP,2022-06-09,10,3XL,1,0.0
LAKSHADWEEP,2022-06-10,10,3XL,1,0.0
LAKSHADWEEP,2022-06-11,10,3XL,1,0.0
LAKSHADWEEP,2022-06-12,10,3XL,1,0.0
LAKSHADWEEP,2022-06-13,10,3XL,1,0.0
LAKSHADWEEP,2022-06-14,10,3XL,1,0.0
LAKSHADWEEP,2022-06-15,10,3XL,1,0.0
LAKSHADWEEP,2022-06-16,10,3XL,1,0.0
MADHYA PRADESH,2022-04-01,10,XL,1,0.0
MADHYA PRADESH,2022-04-02,10,L,9,63917.061728395
MADHYA PRADESH,2022-04-03,10,L,14,50984.02551020414
MADHYA PRADESH,2022-04-04,10,L,20,83973.48999999999
MADHYA PRADESH,2022-04-05,10,L,24,80687.0
MADHYA PRADESH,2022-04-06,10,M,33,49532.89439853083
MADHYA PRADESH,2022-04-07,10,M,38,48941.98614958458
MADHYA PRADESH,2022-04-08,10,L,44,66461.19834710751
MADHYA PRADESH,2022-04-09,10,L,47,64938.70801267546
MADHYA PRADESH,2022-04-10,10,L,50,69393.20000000007
MADHYA PRADESH,2022-04-11,10,M,55,45780.417851239676
MADHYA PRADESH,2022-04-12,10,M,52,41821.97485207103
MADHYA PRADESH,2022-04-13,10,M,50,44361.76999999996
MADHYA PRADESH,2022-04-14,10,M,51,43913.56708958093
MADHYA PRADESH,2022-04-15,10,L,53,63313.39480242081
MADHYA PRADESH,2022-04-16,10,M,50,64487.34759999998
MADHYA PRADESH,2022-04-17,10,L,51,72072.14071510953
MADHYA PRADESH,2022-04-18,10,M,49,67358.52977925865
MADHYA PRADESH,2022-04-19,10,M,47,73658.68990493444
MADHYA PRADESH,2022-04-20,10,L,48,57074.530815972306
MADHYA PRADESH,2022-04-21,10,M,51,66729.45174932724
MADHYA PRADESH,2022-04-22,10,M,56,57919.5889668368
MADHYA PRADESH,2022-04-23,10,M,58,71246.62455410219
MADHYA PRADESH,2022-04-24,10,XL,56,66389.17346938775
MADHYA PRADESH,2022-04-25,10,M,53,61946.6258454966
MADHYA PRADESH,2022-04-26,10,XL,53,83761.94019223918
MADHYA PRADESH,2022-04-27,10,M,51,47982.27527873899
MADHYA PRADESH,2022-04-28,10,M,51,47612.41830065363
MADHYA PRADESH,2022-04-29,10,M,55,58799.79834710737
MADHYA PRADESH,2022-04-30,10,M,53,60896.148807404796
MADHYA PRADESH,2022-05-01,10,S,50,54672.40359999996
MADHYA PRADESH,2022-05-02,10,S,47,55243.219556360506
MADHYA PRADESH,2022-05-03,10,S,48,55384.138888888876
MADHYA PRADESH,2022-05-04,10,M,48,60522.854166666686
MADHYA PRADESH,2022-05-05,10,S,51,65392.59131103428
MADHYA PRADESH,2022-05-06,10,S,49,63357.687630154076
MADHYA PRADESH,2022-05-07,10,M,49,67325.11870054144
MADHYA PRADESH,2022-05-08,10,M,51,73618.52902729728
MADHYA PRADESH,2022-05-09,10,M,54,79148.5555555555
MADHYA PRADESH,2022-05-10,10,XL,62,118148.90218522365
MADHYA PRADESH,2022-05-11,10,XL,61,121087.2915882828
MADHYA PRADESH,2022-05-12,10,XL,64,121734.02709960938
MADHYA PRADESH,2022-05-13,10,XL,61,110303.98602526193
MADHYA PRADESH,2022-05-14,10,XL,58,106608.51040428056
MADHYA PRADESH,2022-05-15,10,XL,54,113522.45953360765
MADHYA PRADESH,2022-05-16,10,XL,54,114353.29080932774
MADHYA PRADESH,2022-05-17,10,XL,46,93808.88846880908
MADHYA PRADESH,2022-05-18,10,M,42,83609.72108843538
MADHYA PRADESH,2022-05-19,10,XL,38,98665.67313019396
MADHYA PRADESH,2022-05-20,10,M,35,55035.53959183674
MADHYA PRADESH,2022-05-21,10,M,35,53426.484897959104
MADHYA PRADESH,2022-05-22,10,M,31,76132.50780437049
MADHYA PRADESH,2022-05-23,10,M,33,72115.14784205682
MADHYA PRADESH,2022-05-24,10,M,35,64293.04489795922
MADHYA PRADESH,2022-05-25,10,M,36,61852.83333333349
MADHYA PRADESH,2022-05-26,10,M,35,66292.56000000006
MADHYA PRADESH,2022-05-27,10,XXL,36,75795.17515432101
MADHYA PRADESH,2022-05-28,10,M,39,94791.35700197227
MADHYA PRADESH,2022-05-29,10,M,41,91096.67816775735
MADHYA PRADESH,2022-05-30,10,M,43,76937.41157382366
MADHYA PRADESH,2022-05-31,10,M,40,84721.81937500008
MADHYA PRADESH,2022-06-01,10,M,44,73705.83626033046
MADHYA PRADESH,2022-06-02,10,M,47,81461.86600271612
MADHYA PRADESH,2022-06-03,10,M,46,81805.4598298677
MADHYA PRADESH,2022-06-04,10,M,50,89523.93000000005
MADHYA PRADESH,2022-06-05,10,M,53,86510.6849412602
MADHYA PRADESH,2022-06-06,10,M,56,70049.85586734704
MADHYA PRADESH,2022-06-07,10,M,54,65151.96570644714
MADHYA PRADESH,2022-06-08,10,M,52,66363.42455621308
MADHYA PRADESH,2022-06-09,10,XL,51,97699.30411380238
MADHYA PRADESH,2022-06-10,10,XL,53,111495.82627269486
MADHYA PRADESH,2022-06-11,10,M,49,68287.85839233646
MADHYA PRADESH,2022-06-12,10,M,50,59629.42239999998
MADHYA PRADESH,2022-06-13,10,M,58,58663.86920332932
MADHYA PRADESH,2022-06-14,10,M,55,46325.68925619841
MADHYA PRADESH,2022-06-15,10,M,51,53603.38408304489
MADHYA PRADESH,2022-06-16,10,M,57,77909.99815327796
MADHYA PRADESH,2022-06-17,10,M,58,79255.02853745542
MADHYA PRADESH,2022-06-18,10,M,60,79089.8208333333
MADHYA PRADESH,2022-06-19,10,M,59,82461.37259408215
MADHYA PRADESH,2022-06-20,10,M,57,89640.15512465383
MADHYA PRADESH,2022-06-21,10,M,57,89411.402277624
MADHYA PRADESH,2022-06-22,10,M,55,98734.83504132228
MADHYA PRADESH,2022-06-23,10,M,48,113504.11067708337
MADHYA PRADESH,2022-06-24,10,M,46,116880.1290170133
MADHYA PRADESH,2022-06-25,10,M,48,116927.52604166663
MADHYA PRADESH,2022-06-26,10,M,37,95382.64864864864
MADHYA PRADESH,2022-06-27,10,M,32,104892.0302734375
MADHYA PRADESH,2022-06-28,10,M,30,105206.29888888897
MADHYA PRADESH,2022-06-29,10,M,30,100009.12888888898
MADHYA PRADESH,2022-06-30,10,M,29,98293.14387633768
MADHYA PRADESH,2022-07-01,10,M,23,99185.96975425334
MADHYA PRADESH,2022-07-02,10,M,19,94967.29085872573
MADHYA PRADESH,2022-07-03,10,3XL,16,82054.109375
MADHYA PRADESH,2022-07-04,10,3XL,14,81822.96428571426
MADHYA PRADESH,2022-07-05,10,3XL,13,84089.32544378698
MADHYA PRADESH,2022-07-06,10,3XL,10,88485.40999999997
MADHYA PRADESH,2022-07-07,10,3XL,7,98291.14285714284
MADHYA PRADESH,2022-07-08,10,S,3,17323.55555555559
MADHYA PRADESH,2022-07-09,10,L,1,0.0
MAHARASHTRA,2022-04-01,5,M,5,34017.83999999991
MAHARASHTRA,2022-04-02,5,XL,43,70763.30016224989
MAHARASHTRA,2022-04-03,5,XL,75,60453.02648888889
MAHARASHTRA,2022-04-04,5,XL,118,70160.69893708709
MAHARASHTRA,2022-04-05,5,L,152,78720.46671572031
MAHARASHTRA,2022-04-06,5,L,205,83344.78681737062
MAHARASHTRA,2022-04-07,5,L,215,83815.99818280147
MAHARASHTRA,2022-04-08,5,L,230,82013.32516068051
MAHARASHTRA,2022-04-09,5,L,236,79895.87783682847
MAHARASHTRA,2022-04-10,5,L,231,72660.40085455665
MAHARASHTRA,2022-04-11,5,L,225,65139.65795555565
MAHARASHTRA,2022-04-12,5,L,224,66367.48596938775
MAHARASHTRA,2022-04-13,5,L,215,64139.36744186049
MAHARASHTRA,2022-04-14,5,L,216,60196.490397805115
MAHARASHTRA,2022-04-15,5,L,218,64901.18872569647
MAHARASHTRA,2022-04-16,5,L,218,66353.47994697414
MAHARASHTRA,2022-04-17,5,M,224,69981.79015864164
MAHARASHTRA,2022-04-18,5,M,237,74630.08043582761
MAHARASHTRA,2022-04-19,5,M,226,77623.11982144258
MAHARASHTRA,2022-04-20,5,M,216,65654.89120370365
MAHARASHTRA,2022-04-21,5,L,218,54387.65103947476
MAHARASHTRA,2022-04-22,5,M,214,60381.02340815787
MAHARASHTRA,2022-04-23,5,M,226,60269.06431592145
MAHARASHTRA,2022-04-24,5,M,252,58235.89128243888
MAHARASHTRA,2022-04-25,5,M,262,62392.322300565196
MAHARASHTRA,2022-04-26,5,M,242,65630.97665801516
MAHARASHTRA,2022-04-27,5,XL,239,52283.15911836276
MAHARASHTRA,2022-04-28,5,XL,235,55256.43813490262
MAHARASHTRA,2022-04-29,5,XL,212,56473.53390886437
MAHARASHTRA,2022-04-30,5,XXL,186,69986.11530234711
MAHARASHTRA,2022-05-01,5,XL,192,62300.471978081565
MAHARASHTRA,2022-05-02,5,XL,201,61482.10400732659
MAHARASHTRA,2022-05-03,5,XL,236,62786.41065785696
MAHARASHTRA,2022-05-04,5,XL,270,58837.95172839507
MAHARASHTRA,2022-05-05,5,L,278,67510.73127684905
MAHARASHTRA,2022-05-06,5,XL,268,57830.71222711075
MAHARASHTRA,2022-05-07,5,L,240,68277.2947222222
MAHARASHTRA,2022-05-08,5,M,222,91114.12898709514
MAHARASHTRA,2022-05-09,5,M,210,107191.39990929706
MAHARASHTRA,2022-05-10,5,M,181,109498.80797289463
MAHARASHTRA,2022-05-11,5,M,171,114223.88208337605
MAHARASHTRA,2022-05-12,5,M,172,97988.66725256894
MAHARASHTRA,2022-05-13,5,M,169,80610.56573649385
MAHARASHTRA,2022-05-14,5,M,156,60552.34253780404
MAHARASHTRA,2022-05-15,5,M,156,73267.11550788954
MAHARASHTRA,2022-05-16,5,M,147,70364.79133694299
MAHARASHTRA,2022-05-17,5,XXL,144,63692.508053626516
MAHARASHTRA,2022-05-18,5,XL,145,111980.40076099889
MAHARASHTRA,2022-05-19,5,XXL,152,58959.60734072013
MAHARASHTRA,2022-05-20,5,3XL,164,61015.66522903036
MAHARASHTRA,2022-05-21,5,XL,147,96974.0433152853
MAHARASHTRA,2022-05-22,5,XL,146,69493.19009194971
MAHARASHTRA,2022-05-23,5,M,161,77547.90748813696
MAHARASHTRA,2022-05-24,5,XL,168,63727.089994331065
MAHARASHTRA,2022-05-25,5,XL,181,69044.20878483565
MAHARASHTRA,2022-05-26,5,XL,193,71233.59682139114
MAHARASHTRA,2022-05-27,5,XL,195,69672.99445101898
MAHARASHTRA,2022-05-28,5,XL,194,68149.12339249655
MAHARASHTRA,2022-05-29,5,XL,170,66929.12885813147
MAHARASHTRA,2022-05-30,5,XL,163,61431.883699047845
MAHARASHTRA,2022-05-31,5,XL,155,57362.378772112424
MAHARASHTRA,2022-06-01,5,XL,168,62487.01782171201
MAHARASHTRA,2022-06-02,5,XL,178,64560.637072339305
MAHARASHTRA,2022-06-03,5,XL,187,71176.8691126426
MAHARASHTRA,2022-06-04,5,XL,185,74902.00046749454
MAHARASHTRA,2022-06-05,5,L,198,76964.29795429029
MAHARASHTRA,2022-06-06,5,L,194,77070.002364757
MAHARASHTRA,2022-06-07,5,L,195,80309.04378698219
MAHARASHTRA,2022-06-08,5,XL,189,71011.85963438882
MAHARASHTRA,2022-06-09,5,L,208,88242.72152366868
MAHARASHTRA,2022-06-10,5,L,220,76440.14452479343
MAHARASHTRA,2022-06-11,5,L,215,84106.34712817747
MAHARASHTRA,2022-06-12,5,L,208,77528.59245562128
MAHARASHTRA,2022-06-13,5,L,226,70370.94933040958
MAHARASHTRA,2022-06-14,5,L,204,71656.30476259126
MAHARASHTRA,2022-06-15,5,L,177,77672.59797631577
MAHARASHTRA,2022-06-16,5,L,173,80243.72648601694
MAHARASHTRA,2022-06-17,5,L,171,82654.15724496421
MAHARASHTRA,2022-06-18,5,XL,161,96472.69549785886
MAHARASHTRA,2022-06-19,5,L,147,89040.39909297053
MAHARASHTRA,2022-06-20,5,XL,153,95016.93177837576
MAHARASHTRA,2022-06-21,5,XL,179,94216.21247776278
MAHARASHTRA,2022-06-22,5,XL,180,80909.8808333333
MAHARASHTRA,2022-06-23,5,XL,184,93689.80857159721
MAHARASHTRA,2022-06-24,5,XL,192,92344.38018120656
MAHARASHTRA,2022-06-25,5,XL,184,91537.52170959354
MAHARASHTRA,2022-06-26,5,XL,160,79256.08902343753
MAHARASHTRA,2022-06-27,5,XL,151,89689.27968071576
MAHARASHTRA,2022-06-28,5,XL,139,86488.74209409446
MAHARASHTRA,2022-06-29,5,XL,133,85683.07456611446
MAHARASHTRA,2022-06-30,5,XL,111,78953.17815112416
MAHARASHTRA,2022-07-01,5,M,85,98773.89674740488
MAHARASHTRA,2022-07-02,5,M,54,93482.01543209882
MAHARASHTRA,2022-07-03,5,XL,29,39933.731272294826
MAHARASHTRA,2022-07-04,5,S,8,41062.1875
MANIPUR,2022-04-02,10,M,2,323761.0
MANIPUR,2022-04-03,10,XL,3,20682.666666666686
MANIPUR,2022-04-04,10,XL,3,20682.666666666686
MANIPUR,2022-04-05,10,XL,3,20682.666666666686
MANIPUR,2022-04-06,10,XXL,5,42518.96000000008
MANIPUR,2022-04-07,10,XXL,5,42518.96000000008
MANIPUR,2022-04-08,10,XXL,5,42518.96000000008
MANIPUR,2022-04-09,10,L,9,49172.02469135809
MANIPUR,2022-04-10,10,L,10,53047.01000000001
MANIPUR,2022-04-11,10,L,11,48230.80991735542
MANIPUR,2022-04-12,10,L,13,77783.9171597634
MANIPUR,2022-04-13,10,L,15,87613.95555555553
MANIPUR,2022-04-14,10,L,15,87613.95555555553
MANIPUR,2022-04-15,10,L,15,87613.95555555553
MANIPUR,2022-04-16,10,L,13,79008.68639053253
MANIPUR,2022-04-17,10,L,10,101038.81000000006
MANIPUR,2022-04-18,10,L,11,105056.77685950417
MANIPUR,2022-04-19,10,M,9,109928.17283950618
MANIPUR,2022-04-20,10,M,9,109928.17283950618
MANIPUR,2022-04-21,10,M,9,73933.72839506168
MANIPUR,2022-04-22,10,M,8,34352.859375
MANIPUR,2022-04-23,10,M,7,39240.20408163263
MANIPUR,2022-04-24,10,XXL,7,137751.06122448982
MANIPUR,2022-04-25,10,XXL,12,105689.85416666663
MANIPUR,2022-04-26,10,XXL,10,79880.7599999999
MANIPUR,2022-04-27,10,XXL,10,79880.7599999999
MANIPUR,2022-04-28,10,XXL,11,88199.83471074386
MANIPUR,2022-04-29,10,XXL,11,108204.79338842968
MANIPUR,2022-04-30,10,XXL,9,92739.11111111112
MANIPUR,2022-05-01,10,XXL,9,81189.11111111112
MANIPUR,2022-05-02,10,L,9,94542.83950617281
MANIPUR,2022-05-03,10,L,10,85176.29000000004
MANIPUR,2022-05-04,10,XXL,8,81462.359375
MANIPUR,2022-05-05,10,L,9,86852.54320987652
MANIPUR,2022-05-06,10,L,8,89950.4375
MANIPUR,2022-05-07,10,XL,7,89665.38775510201
MANIPUR,2022-05-08,10,L,7,70784.0
MANIPUR,2022-05-09,10,L,7,76748.20408163255
MANIPUR,2022-05-10,10,M,8,56607.859375
MANIPUR,2022-05-11,10,M,7,4735.959183673491
MANIPUR,2022-05-12,10,M,9,30444.666666666686
MANIPUR,2022-05-13,10,XXL,10,81499.75999999995
MANIPUR,2022-05-14,10,XXL,11,88516.87603305792
MANIPUR,2022-05-15,10,M,9,30517.358024691348
MANIPUR,2022-05-16,10,M,9,30517.358024691348
MANIPUR,2022-05-17,10,M,9,27334.691358024662
MANIPUR,2022-05-18,10,M,12,21930.020833333314
MANIPUR,2022-05-19,10,M,12,21930.020833333314
MANIPUR,2022-05-20,10,M,9,28853.061728395114
MANIPUR,2022-05-21,10,M,8,32440.1875
MANIPUR,2022-05-22,10,M,7,3312.6938775510644
MANIPUR,2022-05-23,10,XL,13,34803.6213017751
MANIPUR,2022-05-24,10,XL,13,34803.6213017751
MANIPUR,2022-05-25,10,XL,13,34803.6213017751
MANIPUR,2022-05-26,10,XL,13,34803.6213017751
MANIPUR,2022-05-27,10,XL,12,35489.55555555562
MANIPUR,2022-05-28,10,XL,12,35489.55555555562
MANIPUR,2022-05-29,10,XL,12,35489.55555555562
MANIPUR,2022-05-30,10,XL,12,41041.90972222219
MANIPUR,2022-05-31,10,XL,11,18732.909090909117
MANIPUR,2022-06-01,10,XL,11,18732.909090909117
MANIPUR,2022-06-02,10,M,7,99582.40816326527
MANIPUR,2022-06-03,10,XXL,7,93344.81632653071
MANIPUR,2022-06-04,10,XXL,7,93344.81632653071
MANIPUR,2022-06-05,10,XXL,5,91475.84000000003
MANIPUR,2022-06-06,10,XXL,5,91475.84000000003
MANIPUR,2022-06-07,10,XXL,5,93776.95999999996
MANIPUR,2022-06-08,10,XXL,5,93776.95999999996
MANIPUR,2022-06-09,10,XXL,6,78555.47222222225
MANIPUR,2022-06-10,10,M,6,249122.8055555555
MANIPUR,2022-06-11,10,M,7,119448.0
MANIPUR,2022-06-12,10,M,7,111221.38775510201
MANIPUR,2022-06-13,10,M,9,111975.95061728405
MANIPUR,2022-06-14,10,M,9,111975.95061728405
MANIPUR,2022-06-15,10,M,14,144478.53061224485
MANIPUR,2022-06-16,10,M,14,144478.53061224485
MANIPUR,2022-06-17,10,M,13,122444.02366863907
MANIPUR,2022-06-18,10,M,13,87793.13609467458
MANIPUR,2022-06-19,10,M,12,91770.5555555555
MANIPUR,2022-06-20,10,M,12,91973.22222222219
MANIPUR,2022-06-21,10,M,10,110077.64000000007
MANIPUR,2022-06-22,10,M,10,112059.3600000001
MANIPUR,2022-06-23,10,M,8,43809.859375
MANIPUR,2022-06-24,10,M,9,119498.61728395062
MANIPUR,2022-06-25,10,XL,6,200270.80555555556
MANIPUR,2022-06-26,10,M,6,124215.91666666663
MANIPUR,2022-06-27,10,M,6,124215.91666666663
MANIPUR,2022-06-28,10,XL,5,132529.19999999995
MANIPUR,2022-06-29,10,M,6,157333.66666666663
MANIPUR,2022-06-30,10,XL,5,132529.19999999995
MANIPUR,2022-07-01,10,XL,5,132529.19999999995
MANIPUR,2022-07-02,10,S,4,28704.25
MANIPUR,2022-07-03,10,S,4,28704.25
MANIPUR,2022-07-04,10,XL,4,159536.5
MANIPUR,2022-07-05,10,S,3,14453.55555555562
MANIPUR,2022-07-06,10,S,2,17424.0
MANIPUR,2022-07-07,10,S,2,17424.0
MANIPUR,2022-07-08,10,M,1,0.0
MEGHALAYA,2022-04-02,10,3XL,1,0.0
MEGHALAYA,2022-04-03,10,S,3,123774.0
MEGHALAYA,2022-04-04,10,S,4,98313.1875
MEGHALAYA,2022-04-05,10,S,5,81282.23999999993
MEGHALAYA,2022-04-06,10,S,5,81282.23999999993
MEGHALAYA,2022-04-07,10,S,5,81282.23999999993
MEGHALAYA,2022-04-08,10,S,6,70843.55555555562
MEGHALAYA,2022-04-09,10,S,7,61158.9795918368
MEGHALAYA,2022-04-10,10,S,8,63967.0
MEGHALAYA,2022-04-11,10,S,8,63967.0
MEGHALAYA,2022-04-12,10,S,7,7168.775510204083
MEGHALAYA,2022-04-13,10,S,5,9132.160000000033
MEGHALAYA,2022-04-14,10,S,4,10510.6875
MEGHALAYA,2022-04-15,10,M,6,134839.58333333337
MEGHALAYA,2022-04-16,10,M,7,126372.97959183669
MEGHALAYA,2022-04-17,10,M,7,126372.97959183669
MEGHALAYA,2022-04-18,10,M,6,147348.22222222213
MEGHALAYA,2022-04-19,10,M,6,147348.22222222213
MEGHALAYA,2022-04-20,10,M,10,108239.15999999997
MEGHALAYA,2022-04-21,10,M,10,109802.03999999998
MEGHALAYA,2022-04-22,10,M,10,109802.03999999998
MEGHALAYA,2022-04-23,10,M,9,28471.87654320986
MEGHALAYA,2022-04-24,10,M,10,26202.290000000037
MEGHALAYA,2022-04-25,10,M,8,16091.6875
MEGHALAYA,2022-04-26,10,M,6,20024.22222222219
MEGHALAYA,2022-04-27,10,M,7,17864.693877551064
MEGHALAYA,2022-04-28,10,S,9,32870.17283950606
MEGHALAYA,2022-04-29,10,S,9,32870.17283950606
MEGHALAYA,2022-04-30,10,S,9,32870.17283950606
MEGHALAYA,2022-05-01,10,S,8,62218.234375
MEGHALAYA,2022-05-02,10,S,6,68672.55555555562
MEGHALAYA,2022-05-03,10,S,6,77629.91666666663
MEGHALAYA,2022-05-04,10,S,7,92959.55102040817
MEGHALAYA,2022-05-05,10,S,8,93919.6875
MEGHALAYA,2022-05-06,10,S,9,97206.88888888888
MEGHALAYA,2022-05-07,10,S,8,111831.1875
MEGHALAYA,2022-05-08,10,S,6,116196.66666666669
MEGHALAYA,2022-05-09,10,S,7,110617.55102040817
MEGHALAYA,2022-05-10,10,S,7,110617.55102040817
MEGHALAYA,2022-05-11,10,S,6,117652.91666666669
MEGHALAYA,2022-05-12,10,S,6,117652.91666666669
MEGHALAYA,2022-05-13,10,S,6,72909.80555555562
MEGHALAYA,2022-05-14,10,S,5,82007.44
MEGHALAYA,2022-05-15,10,S,4,97827.5
MEGHALAYA,2022-05-16,10,S,4,84145.6875
MEGHALAYA,2022-05-17,10,M,3,8324.666666666686
MEGHALAYA,2022-05-18,10,M,4,8118.5
MEGHALAYA,2022-05-19,10,M,4,8118.5
MEGHALAYA,2022-05-20,10,M,4,8118.5
MEGHALAYA,2022-05-21,10,M,4,8118.5
MEGHALAYA,2022-05-22,10,S,4,15653.6875
MEGHALAYA,2022-05-23,10,M,5,34791.59999999998
MEGHALAYA,2022-05-24,10,M,5,34791.59999999998
MEGHALAYA,2022-05-25,10,S,5,31055.03999999998
MEGHALAYA,2022-05-26,10,M,4,23164.1875
MEGHALAYA,2022-05-27,10,S,5,31421.20000000001
MEGHALAYA,2022-05-28,10,XS,6,38873.0
MEGHALAYA,2022-05-29,10,XS,6,38873.0
MEGHALAYA,2022-05-30,10,S,5,31421.20000000001
MEGHALAYA,2022-05-31,10,S,5,25740.560000000056
MEGHALAYA,2022-06-01,10,S,6,27072.888888888818
MEGHALAYA,2022-06-02,10,S,5,31942.160000000033
MEGHALAYA,2022-06-03,10,S,6,37726.22222222225
MEGHALAYA,2022-06-04,10,S,5,31942.160000000033
MEGHALAYA,2022-06-05,10,S,5,31942.160000000033
MEGHALAYA,2022-06-06,10,S,4,38734.1875
MEGHALAYA,2022-06-07,10,S,6,27511.25
MEGHALAYA,2022-06-08,10,S,6,27511.25
MEGHALAYA,2022-06-09,10,S,5,32775.360000000044
MEGHALAYA,2022-06-10,10,M,4,7701.6875
MEGHALAYA,2022-06-11,10,M,4,7701.6875
MEGHALAYA,2022-06-12,10,S,5,89859.03999999998
MEGHALAYA,2022-06-13,10,M,4,7701.6875
MEGHALAYA,2022-06-14,10,M,6,21521.888888888934
MEGHALAYA,2022-06-15,10,M,6,21521.888888888934
MEGHALAYA,2022-06-16,10,M,6,21521.888888888934
MEGHALAYA,2022-06-17,10,XS,7,84030.24489795923
MEGHALAYA,2022-06-18,10,M,6,26606.333333333314
MEGHALAYA,2022-06-19,10,XS,7,77572.69387755106
MEGHALAYA,2022-06-20,10,XS,7,77572.69387755106
MEGHALAYA,2022-06-21,10,XS,7,77572.69387755106
MEGHALAYA,2022-06-22,10,XS,7,77572.69387755106
MEGHALAYA,2022-06-23,10,XS,7,77572.69387755106
MEGHALAYA,2022-06-24,10,XS,5,10891.359999999986
MEGHALAYA,2022-06-25,10,XS,5,10891.359999999986
MEGHALAYA,2022-06-26,10,XS,5,10668.799999999988
MEGHALAYA,2022-06-27,10,XL,4,164194.25
MEGHALAYA,2022-06-28,10,XL,4,164194.25
MEGHALAYA,2022-06-29,10,XL,4,164194.25
MEGHALAYA,2022-06-30,10,XL,4,164194.25
MEGHALAYA,2022-07-01,10,XL,3,213.55555555553292
MEGHALAYA,2022-07-02,10,XL,3,213.55555555553292
MEGHALAYA,2022-07-03,10,XL,3,213.55555555553292
MEGHALAYA,2022-07-04,10,XL,1,0.0
MEGHALAYA,2022-07-05,10,XS,1,0.0
MIZORAM,2022-04-03,10,M,1,0.0
MIZORAM,2022-04-04,10,M,2,22052.25
MIZORAM,2022-04-05,10,M,2,22052.25
MIZORAM,2022-04-06,10,M,2,22052.25
MIZORAM,2022-04-07,10,M,2,22052.25
MIZORAM,2022-04-08,10,M,2,22052.25
MIZORAM,2022-04-09,10,L,2,6320.25
MIZORAM,2022-04-10,10,L,2,6320.25
MIZORAM,2022-04-11,10,L,2,6320.25
MIZORAM,2022-04-12,10,L,2,6320.25
MIZORAM,2022-04-13,10,XXL,2,272.25
MIZORAM,2022-04-14,10,XXL,2,272.25
MIZORAM,2022-04-15,10,XL,2,0.0
MIZORAM,2022-04-16,10,XL,2,0.0
MIZORAM,2022-04-17,10,XL,2,0.0
MIZORAM,2022-04-18,10,XL,2,0.0
MIZORAM,2022-04-19,10,XL,2,0.0
MIZORAM,2022-04-20,10,XL,2,0.0
MIZORAM,2022-04-21,10,XL,2,0.0
MIZORAM,2022-04-22,10,XL,2,0.0
MIZORAM,2022-04-23,10,XL,3,4867.555555555504
MIZORAM,2022-04-24,10,XL,2,5476.0
MIZORAM,2022-04-25,10,L,2,1640.25
MIZORAM,2022-04-26,10,L,2,1640.25
MIZORAM,2022-04-27,10,XS,3,5282.666666666686
MIZORAM,2022-04-28,10,S,3,5600.888888888876
MIZORAM,2022-04-29,10,S,3,5600.888888888876
MIZORAM,2022-04-30,10,S,3,5600.888888888876
MIZORAM,2022-05-01,10,S,3,5600.888888888876
MIZORAM,2022-05-02,10,S,3,5600.888888888876
MIZORAM,2022-05-03,10,S,3,5600.888888888876
MIZORAM,2022-05-04,10,S,3,5600.888888888876
MIZORAM,2022-05-05,10,S,3,5600.888888888876
MIZORAM,2022-05-06,10,S,3,5600.888888888876
MIZORAM,2022-05-07,10,XXL,3,70108.22222222213
MIZORAM,2022-05-08,10,XXL,3,61161.555555555504
MIZORAM,2022-05-09,10,XXL,3,61161.555555555504
MIZORAM,2022-05-10,10,XXL,3,61161.555555555504
MIZORAM,2022-05-11,10,XXL,3,61161.555555555504
MIZORAM,2022-05-12,10,XXL,3,61161.555555555504
MIZORAM,2022-05-13,10,L,3,9014.0
MIZORAM,2022-05-14,10,L,2,650.25
MIZORAM,2022-05-15,10,L,3,12240.222222222248
MIZORAM,2022-05-16,10,L,3,12240.222222222248
MIZORAM,2022-05-17,10,L,3,12240.222222222248
MIZORAM,2022-05-18,10,L,3,12240.222222222248
MIZORAM,2022-05-19,10,XL,4,15577.0
MIZORAM,2022-05-20,10,XL,4,27206.1875
MIZORAM,2022-05-21,10,XL,4,27206.1875
MIZORAM,2022-05-22,10,XL,4,27206.1875
MIZORAM,2022-05-23,10,XL,4,27206.1875
MIZORAM,2022-05-24,10,XL,4,27206.1875
MIZORAM,2022-05-25,10,XL,3,11046.888888888905
MIZORAM,2022-05-26,10,XL,3,11046.888888888905
MIZORAM,2022-05-27,10,M,2,0.0
MIZORAM,2022-05-28,10,M,2,0.0
MIZORAM,2022-05-29,10,M,2,0.0
MIZORAM,2022-05-30,10,M,2,0.0
MIZORAM,2022-05-31,10,3XL,4,2735.25
MIZORAM,2022-06-01,10,3XL,4,2735.25
MIZORAM,2022-06-02,10,3XL,4,2735.25
MIZORAM,2022-06-03,10,3XL,4,2735.25
MIZORAM,2022-06-04,10,3XL,4,2735.25
MIZORAM,2022-06-05,10,3XL,4,2735.25
MIZORAM,2022-06-06,10,3XL,4,2735.25
MIZORAM,2022-06-07,10,3XL,4,2735.25
MIZORAM,2022-06-08,10,3XL,4,2735.25
MIZORAM,2022-06-09,10,3XL,4,2735.25
MIZORAM,2022-06-10,10,L,1,0.0
MIZORAM,2022-06-11,10,XXL,2,6241.0
MIZORAM,2022-06-12,10,XXL,2,6241.0
MIZORAM,2022-06-13,10,XXL,2,6241.0
MIZORAM,2022-06-14,10,XXL,2,6241.0
MIZORAM,2022-06-15,10,XXL,3,4908.222222222248
MIZORAM,2022-06-16,10,XXL,3,4908.222222222248
MIZORAM,2022-06-17,10,XXL,3,4908.222222222248
MIZORAM,2022-06-18,10,XXL,3,4908.222222222248
MIZORAM,2022-06-19,10,XXL,3,4908.222222222248
MIZORAM,2022-06-20,10,XXL,2,110.25
MIZORAM,2022-06-21,10,M,1,0.0
MIZORAM,2022-06-22,10,M,1,0.0
MIZORAM,2022-06-23,10,M,1,0.0
MIZORAM,2022-06-24,10,XXL,3,107280.22222222236
MIZORAM,2022-06-25,10,XXL,3,141482.888888889
MIZORAM,2022-06-26,10,XXL,3,141482.888888889
MIZORAM,2022-06-27,10,XXL,3,141482.888888889
MIZORAM,2022-06-28,10,XXL,3,141482.888888889
MIZORAM,2022-06-29,10,XXL,3,141482.888888889
MIZORAM,2022-06-30,10,XXL,3,141482.888888889
MIZORAM,2022-07-01,10,XXL,3,141482.888888889
MIZORAM,2022-07-02,10,XXL,3,141482.888888889
MIZORAM,2022-07-03,10,XXL,3,141482.888888889
MIZORAM,2022-07-04,10,M,1,0.0
MIZORAM,2022-07-05,10,M,1,0.0
NAGALAND,2022-04-02,10,S,1,0.0
NAGALAND,2022-04-03,10,L,1,0.0
NAGALAND,2022-04-04,10,L,2,25440.25
NAGALAND,2022-04-05,10,L,3,23649.555555555504
NAGALAND,2022-04-06,10,L,3,23649.555555555504
NAGALAND,2022-04-07,10,L,3,23649.555555555504
NAGALAND,2022-04-08,10,L,3,23649.555555555504
NAGALAND,2022-04-09,10,L,4,20841.25
NAGALAND,2022-04-10,10,L,4,20841.25
NAGALAND,2022-04-11,10,L,6,20815.0
NAGALAND,2022-04-12,10,L,6,20815.0
NAGALAND,2022-04-13,10,L,5,23244.0
NAGALAND,2022-04-14,10,L,4,14339.6875
NAGALAND,2022-04-15,10,L,3,17424.888888888934
NAGALAND,2022-04-16,10,L,4,13927.1875
NAGALAND,2022-04-17,10,L,4,13927.1875
NAGALAND,2022-04-18,10,L,4,13927.1875
NAGALAND,2022-04-19,10,L,3,12969.555555555504
NAGALAND,2022-04-20,10,L,3,12969.555555555504
NAGALAND,2022-04-21,10,XS,2,8649.0
NAGALAND,2022-04-22,10,XXL,3,11084.22222222219
NAGALAND,2022-04-23,10,XXL,3,11084.22222222219
NAGALAND,2022-04-24,10,XXL,3,11084.22222222219
NAGALAND,2022-04-25,10,M,3,1989.555555555562
NAGALAND,2022-04-26,10,M,3,1989.555555555562
NAGALAND,2022-04-27,10,M,3,1989.555555555562
NAGALAND,2022-04-28,10,M,3,1989.555555555562
NAGALAND,2022-04-29,10,M,4,98446.25
NAGALAND,2022-04-30,10,M,4,98446.25
NAGALAND,2022-05-01,10,M,6,76202.91666666663
NAGALAND,2022-05-02,10,M,6,76202.91666666663
NAGALAND,2022-05-03,10,M,5,81010.15999999992
NAGALAND,2022-05-04,10,M,5,81010.15999999992
NAGALAND,2022-05-05,10,M,5,90068.56000000006
NAGALAND,2022-05-06,10,M,5,90068.56000000006
NAGALAND,2022-05-07,10,M,5,90068.56000000006
NAGALAND,2022-05-08,10,XXL,5,52382.55999999994
NAGALAND,2022-05-09,10,XXL,6,57363.47222222219
NAGALAND,2022-05-10,10,XXL,7,248276.85714285704
NAGALAND,2022-05-11,10,XXL,9,198731.7283950618
NAGALAND,2022-05-12,10,XXL,10,183753.89000000013
NAGALAND,2022-05-13,10,XXL,10,183753.89000000013
NAGALAND,2022-05-14,10,XXL,10,207540.29000000004
NAGALAND,2022-05-15,10,XXL,9,230522.54320987652
NAGALAND,2022-05-16,10,XXL,9,230522.54320987652
NAGALAND,2022-05-17,10,XXL,10,198055.41000000003
NAGALAND,2022-05-18,10,L,8,172294.109375
NAGALAND,2022-05-19,10,L,8,172294.109375
NAGALAND,2022-05-20,10,XXL,6,36124.805555555504
NAGALAND,2022-05-21,10,L,7,127459.95918367349
NAGALAND,2022-05-22,10,L,7,127459.95918367349
NAGALAND,2022-05-23,10,XL,7,62924.20408163278
NAGALAND,2022-05-24,10,XL,7,62924.20408163278
NAGALAND,2022-05-25,10,XL,6,46109.47222222225
NAGALAND,2022-05-26,10,XL,5,54652.96000000008
NAGALAND,2022-05-27,10,XXL,2,0.0
NAGALAND,2022-05-28,10,XXL,2,0.0
NAGALAND,2022-05-29,10,XXL,2,0.0
NAGALAND,2022-05-30,10,M,3,95258.0
NAGALAND,2022-05-31,10,XL,3,90874.88888888899
NAGALAND,2022-06-01,10,XL,4,68286.1875
NAGALAND,2022-06-02,10,M,4,71673.1875
NAGALAND,2022-06-03,10,M,4,71673.1875
NAGALAND,2022-06-04,10,M,3,35294.0
NAGALAND,2022-06-05,10,XL,3,34322.0
NAGALAND,2022-06-06,10,M,5,55794.96000000008
NAGALAND,2022-06-07,10,M,5,30044.159999999916
NAGALAND,2022-06-08,10,M,5,30044.159999999916
NAGALAND,2022-06-09,10,XL,5,33331.83999999997
NAGALAND,2022-06-10,10,M,4,36637.1875
NAGALAND,2022-06-11,10,L,3,19433.555555555504
NAGALAND,2022-06-12,10,L,3,19433.555555555504
NAGALAND,2022-06-13,10,XL,4,35406.6875
NAGALAND,2022-06-14,10,XL,4,35406.6875
NAGALAND,2022-06-15,10,L,4,27808.6875
NAGALAND,2022-06-16,10,L,5,28599.03999999998
NAGALAND,2022-06-17,10,L,8,27384.359375
NAGALAND,2022-06-18,10,L,8,27384.359375
NAGALAND,2022-06-19,10,XXL,8,188340.484375
NAGALAND,2022-06-20,10,XXL,9,168850.8395061727
NAGALAND,2022-06-21,10,XXL,10,153624.95999999996
NAGALAND,2022-06-22,10,XXL,11,199341.70247933886
NAGALAND,2022-06-23,10,XXL,12,189671.72222222225
NAGALAND,2022-06-24,10,XXL,13,155262.54437869822
NAGALAND,2022-06-25,10,XXL,11,115250.44628099177
NAGALAND,2022-06-26,10,XXL,11,115250.44628099177
NAGALAND,2022-06-27,10,XXL,7,144621.55102040828
NAGALAND,2022-06-28,10,XXL,6,117724.25
NAGALAND,2022-06-29,10,XXL,6,117724.25
NAGALAND,2022-06-30,10,XXL,5,140966.6399999999
NAGALAND,2022-07-01,10,XXL,4,150718.5
NAGALAND,2022-07-02,10,XXL,3,32858.0
NAGALAND,2022-07-03,10,XXL,2,900.0
NAGALAND,2022-07-04,10,3XL,1,0.0
NAGALAND,2022-07-05,10,3XL,1,0.0
NAGALAND,2022-07-06,10,3XL,1,0.0
NAGALAND,2022-07-07,10,3XL,1,0.0
NEW DELHI,2022-04-03,10,L,1,0.0
NEW DELHI,2022-04-04,10,XXL,2,4624.0
NEW DELHI,2022-04-05,10,XXL,2,4624.0
NEW DELHI,2022-04-06,10,XXL,3,19644.666666666686
NEW DELHI,2022-04-07,10,XXL,4,15202.25
NEW DELHI,2022-04-08,10,XXL,4,15202.25
NEW DELHI,2022-04-09,10,XXL,4,15202.25
NEW DELHI,2022-04-10,10,XXL,4,15202.25
NEW DELHI,2022-04-11,10,XXL,4,15202.25
NEW DELHI,2022-04-12,10,XXL,4,15202.25
NEW DELHI,2022-04-13,10,XXL,4,15202.25
NEW DELHI,2022-04-14,10,L,3,36488.666666666744
NEW DELHI,2022-04-15,10,L,3,36488.666666666744
NEW DELHI,2022-04-16,10,XS,2,1056.25
NEW DELHI,2022-04-17,10,XS,2,1056.25
NEW DELHI,2022-04-18,10,XS,2,1056.25
NEW DELHI,2022-04-19,10,XL,3,85998.22222222236
NEW DELHI,2022-04-20,10,XL,3,85998.22222222236
NEW DELHI,2022-04-21,10,XL,3,85998.22222222236
NEW DELHI,2022-04-22,10,XL,3,85998.22222222236
NEW DELHI,2022-04-23,10,XL,3,85998.22222222236
NEW DELHI,2022-04-24,10,XL,3,85998.22222222236
NEW DELHI,2022-04-25,10,M,3,91054.88888888899
NEW DELHI,2022-04-26,10,M,4,69635.25
NEW DELHI,2022-04-27,10,M,4,69635.25
NEW DELHI,2022-04-28,10,M,5,117311.43999999994
NEW DELHI,2022-04-29,10,M,5,117311.43999999994
NEW DELHI,2022-04-30,10,M,5,117311.43999999994
NEW DELHI,2022-05-01,10,M,4,133300.6875
NEW DELHI,2022-05-02,10,XS,3,22934.222222222365
NEW DELHI,2022-05-03,10,XS,5,28210.23999999999
NEW DELHI,2022-05-04,10,XS,5,28210.23999999999
NEW DELHI,2022-05-05,10,XS,5,28210.23999999999
NEW DELHI,2022-05-06,10,S,3,59627.555555555555
NEW DELHI,2022-05-07,10,S,3,59627.555555555555
NEW DELHI,2022-05-08,10,S,3,59627.555555555555
NEW DELHI,2022-05-09,10,S,3,59627.555555555555
NEW DELHI,2022-05-10,10,S,3,59627.555555555555
NEW DELHI,2022-05-11,10,S,3,59627.555555555555
NEW DELHI,2022-05-12,10,S,3,59627.555555555555
NEW DELHI,2022-05-13,10,S,3,59627.555555555555
NEW DELHI,2022-05-14,10,3XL,2,729.0
NEW DELHI,2022-05-15,10,L,2,228006.25
NEW DELHI,2022-05-16,10,L,2,228006.25
NEW DELHI,2022-05-17,10,S,2,30.25
NEW DELHI,2022-05-18,10,S,3,15332.666666666657
NEW DELHI,2022-05-19,10,S,3,15332.666666666657
NEW DELHI,2022-05-20,10,S,3,15332.666666666657
NEW DELHI,2022-05-21,10,S,4,11799.5
NEW DELHI,2022-05-22,10,S,4,11799.5
NEW DELHI,2022-05-23,10,S,4,11799.5
NEW DELHI,2022-05-24,10,S,4,11799.5
NEW DELHI,2022-05-25,10,S,4,11799.5
NEW DELHI,2022-05-26,10,XS,3,4.666666666671517
NEW DELHI,2022-05-27,10,M,4,32145.5
NEW DELHI,2022-05-28,10,XS,4,604.75
NEW DELHI,2022-05-29,10,XS,4,604.75
NEW DELHI,2022-05-30,10,XS,4,604.75
NEW DELHI,2022-05-31,10,XS,4,604.75
NEW DELHI,2022-06-01,10,XS,4,604.75
NEW DELHI,2022-06-02,10,XS,4,604.75
NEW DELHI,2022-06-03,10,XS,4,604.75
NEW DELHI,2022-06-04,10,L,3,20402.666666666628
NEW DELHI,2022-06-05,10,L,3,20402.666666666628
NEW DELHI,2022-06-06,10,L,3,20402.666666666628
NEW DELHI,2022-06-07,10,L,3,20402.666666666628
NEW DELHI,2022-06-08,10,L,3,20402.666666666628
NEW DELHI,2022-06-09,10,L,3,20402.666666666628
NEW DELHI,2022-06-10,10,L,3,20402.666666666628
NEW DELHI,2022-06-11,10,L,3,20402.666666666628
NEW DELHI,2022-06-12,10,XXL,3,144.66666666668607
NEW DELHI,2022-06-13,10,XXL,4,2418.6875
NEW DELHI,2022-06-14,10,XXL,2,4032.25
NEW DELHI,2022-06-15,10,XXL,2,4032.25
NEW DELHI,2022-06-16,10,XXL,2,4032.25
NEW DELHI,2022-06-17,10,XXL,2,4032.25
NEW DELHI,2022-06-18,10,XXL,2,4032.25
NEW DELHI,2022-06-19,10,XXL,2,4032.25
NEW DELHI,2022-06-20,10,XXL,2,4032.25
NEW DELHI,2022-06-21,10,XXL,2,4032.25
NEW DELHI,2022-06-22,10,3XL,1,0.0
NEW DELHI,2022-06-23,10,3XL,1,0.0
NEW DELHI,2022-06-24,10,3XL,1,0.0
NEW DELHI,2022-06-25,10,3XL,1,0.0
NEW DELHI,2022-06-26,10,3XL,1,0.0
NEW DELHI,2022-06-27,10,3XL,1,0.0
NEW DELHI,2022-06-28,10,3XL,1,0.0
NEW DELHI,2022-06-29,10,3XL,1,0.0
NEW DELHI,2022-06-30,10,3XL,1,0.0
NL,2022-04-29,10,M,1,0.0
NL,2022-04-30,10,M,1,0.0
NL,2022-05-01,10,M,1,0.0
NL,2022-05-02,10,M,1,0.0
NL,2022-05-03,10,M,1,0.0
NL,2022-05-04,10,M,1,0.0
NL,2022-05-05,10,M,1,0.0
NL,2022-05-06,10,M,1,0.0
NL,2022-05-07,10,M,1,0.0
NL,2022-05-08,10,M,1,0.0
NL,2022-06-27,10,M,1,0.0
NL,2022-06-28,10,M,1,0.0
NL,2022-06-29,10,M,1,0.0
NL,2022-06-30,10,M,1,0.0
NL,2022-07-01,10,M,1,0.0
NL,2022-07-02,10,M,1,0.0
NL,2022-07-03,10,M,1,0.0
NL,2022-07-04,10,M,1,0.0
NL,2022-07-05,10,M,1,0.0
NL,2022-07-06,10,M,1,0.0
ODISHA,2022-04-01,10,XS,3,12566.222222222306
ODISHA,2022-04-02,10,S,8,64961.1875
ODISHA,2022-04-03,10,L,15,86682.22222222219
ODISHA,2022-04-04,10,L,18,88440.54320987652
ODISHA,2022-04-05,10,L,19,83970.63711911353
ODISHA,2022-04-06,10,L,23,84570.89603024564
ODISHA,2022-04-07,10,L,26,78357.89940828411
ODISHA,2022-04-08,10,L,32,67559.7333984375
ODISHA,2022-04-09,10,L,34,80958.07266435988
ODISHA,2022-04-10,10,L,40,82143.07437499997
ODISHA,2022-04-11,10,L,45,95887.04888888891
ODISHA,2022-04-12,10,L,48,87673.234375
ODISHA,2022-04-13,10,XL,46,68286.11200378073
ODISHA,2022-04-14,10,L,48,79949.07248263888
ODISHA,2022-04-15,10,L,50,89033.69760000007
ODISHA,2022-04-16,10,L,48,87000.69270833337
ODISHA,2022-04-17,10,L,46,88767.91162570892
ODISHA,2022-04-18,10,L,47,90440.81846989586
ODISHA,2022-04-19,10,L,49,88840.50645564357
ODISHA,2022-04-20,10,L,46,103036.07939508499
ODISHA,2022-04-21,10,L,45,91102.43950617278
ODISHA,2022-04-22,10,S,43,103539.25689561933
ODISHA,2022-04-23,10,M,46,59228.37287334597
ODISHA,2022-04-24,10,M,48,58730.817708333314
ODISHA,2022-04-25,10,M,48,59578.748263888934
ODISHA,2022-04-26,10,M,53,72908.43004627974
ODISHA,2022-04-27,10,M,57,75253.39489073557
ODISHA,2022-04-28,10,M,54,71292.4101508917
ODISHA,2022-04-29,10,M,53,70750.0477038091
ODISHA,2022-04-30,10,M,53,77823.50800996792
ODISHA,2022-05-01,10,M,52,79822.86501479289
ODISHA,2022-05-02,10,M,46,84353.38374291116
ODISHA,2022-05-03,10,M,46,82417.88279773155
ODISHA,2022-05-04,10,M,48,82591.4149305555
ODISHA,2022-05-05,10,M,47,82886.44273426884
ODISHA,2022-05-06,10,M,41,70892.14515169535
ODISHA,2022-05-07,10,XL,44,178115.31559917354
ODISHA,2022-05-08,10,XL,44,175082.57179752074
ODISHA,2022-05-09,10,XL,43,177297.9967550027
ODISHA,2022-05-10,10,L,42,83506.57823129254
ODISHA,2022-05-11,10,L,43,89188.12006489985
ODISHA,2022-05-12,10,L,40,105306.29749999999
ODISHA,2022-05-13,10,L,37,114179.92549306067
ODISHA,2022-05-14,10,L,35,116194.32979591831
ODISHA,2022-05-15,10,L,36,124956.91358024697
ODISHA,2022-05-16,10,L,33,147926.6134067953
ODISHA,2022-05-17,10,L,30,133998.73888888885
ODISHA,2022-05-18,10,L,30,133794.44555555563
ODISHA,2022-05-19,10,L,27,136087.8518518518
ODISHA,2022-05-20,10,L,27,123544.48834019201
ODISHA,2022-05-21,10,L,26,117653.17899408285
ODISHA,2022-05-22,10,L,27,98612.33196159126
ODISHA,2022-05-23,10,L,27,103870.09876543214
ODISHA,2022-05-24,10,XL,26,50275.19082840235
ODISHA,2022-05-25,10,XL,31,47371.467221644125
ODISHA,2022-05-26,10,XL,29,48084.370986920374
ODISHA,2022-05-27,10,XL,28,46947.40178571426
ODISHA,2022-05-28,10,XL,29,73074.93935790722
ODISHA,2022-05-29,10,M,28,44836.551020408224
ODISHA,2022-05-30,10,M,29,46030.1022592152
ODISHA,2022-05-31,10,M,30,45093.4222222222
ODISHA,2022-06-01,10,M,29,72687.33650416165
ODISHA,2022-06-02,10,M,29,77371.28418549342
ODISHA,2022-06-03,10,M,31,77520.57023933396
ODISHA,2022-06-04,10,M,32,84715.6162109375
ODISHA,2022-06-05,10,M,35,74533.49061224499
ODISHA,2022-06-06,10,M,33,74558.73461891641
ODISHA,2022-06-07,10,M,36,56508.286265432136
ODISHA,2022-06-08,10,M,43,54842.97458085453
ODISHA,2022-06-09,10,M,48,63094.164930555504
ODISHA,2022-06-10,10,M,54,64082.50377229077
ODISHA,2022-06-11,10,M,57,57077.6417359187
ODISHA,2022-06-12,10,M,61,53235.56839559268
ODISHA,2022-06-13,10,M,60,52263.41222222225
ODISHA,2022-06-14,10,M,62,51556.32570239331
ODISHA,2022-06-15,10,M,62,53789.38709677418
ODISHA,2022-06-16,10,M,60,57787.459999999905
ODISHA,2022-06-17,10,M,53,69974.14738341043
ODISHA,2022-06-18,10,M,45,73933.18320987653
ODISHA,2022-06-19,10,M,42,69406.43140589574
ODISHA,2022-06-20,10,M,37,79303.60116873635
ODISHA,2022-06-21,10,M,36,78626.20061728387
ODISHA,2022-06-22,10,M,35,85696.6448979592
ODISHA,2022-06-23,10,M,35,81140.48489795916
ODISHA,2022-06-24,10,XL,35,121943.54775510199
ODISHA,2022-06-25,10,XL,33,140049.46005509637
ODISHA,2022-06-26,10,XL,36,146653.63811728393
ODISHA,2022-06-27,10,XL,39,120348.85733070353
ODISHA,2022-06-28,10,XL,42,112623.97562358272
ODISHA,2022-06-29,10,XL,37,112578.04674945219
ODISHA,2022-06-30,10,XL,36,112739.6319444445
ODISHA,2022-07-01,10,XL,32,107863.671875
ODISHA,2022-07-02,10,XL,26,101342.76479289948
ODISHA,2022-07-03,10,XL,26,101342.76479289948
ODISHA,2022-07-04,10,XL,18,88718.34876543208
ODISHA,2022-07-05,10,XL,16,64406.80859375
ODISHA,2022-07-06,10,XL,10,18003.0
ODISHA,2022-07-07,10,L,6,35330.58333333337
ODISHA,2022-07-08,10,L,4,39481.6875
ODISHA,2022-07-09,10,M,1,0.0
ORISSA,2022-04-14,10,L,1,0.0
ORISSA,2022-04-15,10,L,1,0.0
ORISSA,2022-04-16,10,L,1,0.0
ORISSA,2022-04-17,10,L,1,0.0
ORISSA,2022-04-18,10,L,1,0.0
ORISSA,2022-04-19,10,L,1,0.0
ORISSA,2022-04-20,10,L,1,0.0
ORISSA,2022-04-21,10,L,1,0.0
ORISSA,2022-04-22,10,L,1,0.0
ORISSA,2022-04-23,10,L,1,0.0
ORISSA,2022-06-09,10,S,1,0.0
ORISSA,2022-06-10,10,S,1,0.0
ORISSA,2022-06-11,10,S,1,0.0
ORISSA,2022-06-12,10,S,1,0.0
ORISSA,2022-06-13,10,S,1,0.0
ORISSA,2022-06-14,10,S,1,0.0
ORISSA,2022-06-15,10,S,1,0.0
ORISSA,2022-06-16,10,S,1,0.0
ORISSA,2022-06-17,10,S,1,0.0
ORISSA,2022-06-18,10,S,1,0.0
ORISSA,2022-06-19,10,XXL,1,0.0
ORISSA,2022-06-20,10,XXL,1,0.0
ORISSA,2022-06-21,10,XXL,1,0.0
ORISSA,2022-06-22,10,XXL,1,0.0
PB,2022-04-07,10,3XL,1,0.0
PB,2022-04-08,10,3XL,1,0.0
PB,2022-04-09,10,3XL,1,0.0
PB,2022-04-10,10,3XL,1,0.0
PB,2022-04-11,10,3XL,1,0.0
PB,2022-04-12,10,3XL,1,0.0
PB,2022-04-13,10,3XL,1,0.0
PB,2022-04-14,10,3XL,1,0.0
PB,2022-04-15,10,3XL,1,0.0
PB,2022-04-16,10,3XL,1,0.0
PONDICHERRY,2022-05-24,10,3XL,1,0.0
PONDICHERRY,2022-05-25,10,3XL,1,0.0
PONDICHERRY,2022-05-26,10,3XL,1,0.0
PONDICHERRY,2022-05-27,10,3XL,1,0.0
PONDICHERRY,2022-05-28,10,3XL,1,0.0
PONDICHERRY,2022-05-29,10,3XL,1,0.0
PONDICHERRY,2022-05-30,10,3XL,1,0.0
PONDICHERRY,2022-05-31,10,3XL,1,0.0
PONDICHERRY,2022-06-01,10,3XL,1,0.0
PONDICHERRY,2022-06-02,10,3XL,1,0.0
PUDUCHERRY,2022-04-02,10,L,2,33856.0
PUDUCHERRY,2022-04-03,10,L,3,25458.666666666686
PUDUCHERRY,2022-04-04,10,L,3,25458.666666666686
PUDUCHERRY,2022-04-05,10,L,3,25458.666666666686
PUDUCHERRY,2022-04-06,10,L,3,25458.666666666686
PUDUCHERRY,2022-04-07,10,L,3,25458.666666666686
PUDUCHERRY,2022-04-08,10,L,5,19085.439999999973
PUDUCHERRY,2022-04-09,10,L,8,12214.4375
PUDUCHERRY,2022-04-10,10,L,8,12214.4375
PUDUCHERRY,2022-04-11,10,L,8,12214.4375
PUDUCHERRY,2022-04-12,10,L,6,1218.333333333343
PUDUCHERRY,2022-04-13,10,L,6,18196.583333333314
PUDUCHERRY,2022-04-14,10,L,7,15960.775510204083
PUDUCHERRY,2022-04-15,10,L,9,67750.98765432095
PUDUCHERRY,2022-04-16,10,S,10,29692.45000000001
PUDUCHERRY,2022-04-17,10,S,9,27043.43209876545
PUDUCHERRY,2022-04-18,10,S,10,24590.840000000026
PUDUCHERRY,2022-04-19,10,S,10,42966.65000000002
PUDUCHERRY,2022-04-20,10,S,10,42966.65000000002
PUDUCHERRY,2022-04-21,10,S,12,37092.72222222225
PUDUCHERRY,2022-04-22,10,S,11,36934.694214875984
PUDUCHERRY,2022-04-23,10,S,11,36934.694214875984
PUDUCHERRY,2022-04-24,10,S,12,33960.354166666686
PUDUCHERRY,2022-04-25,10,S,8,36824.25
PUDUCHERRY,2022-04-26,10,L,7,4712.816326530592
PUDUCHERRY,2022-04-27,10,XXL,8,25991.75
PUDUCHERRY,2022-04-28,10,XXL,9,23121.777777777752
PUDUCHERRY,2022-04-29,10,XL,10,68715.44
PUDUCHERRY,2022-04-30,10,XL,10,68715.44
PUDUCHERRY,2022-05-01,10,XXL,8,33046.609375
PUDUCHERRY,2022-05-02,10,XL,10,65460.65000000002
PUDUCHERRY,2022-05-03,10,XL,10,65460.65000000002
PUDUCHERRY,2022-05-04,10,XL,11,23124.694214876014
PUDUCHERRY,2022-05-05,10,XL,12,35375.74305555556
PUDUCHERRY,2022-05-06,10,XL,11,32255.23966942157
PUDUCHERRY,2022-05-07,10,XL,10,28615.75999999995
PUDUCHERRY,2022-05-08,10,XL,10,28615.75999999995
PUDUCHERRY,2022-05-09,10,XXL,7,51589.42857142852
PUDUCHERRY,2022-05-10,10,XXL,7,57155.10204081633
PUDUCHERRY,2022-05-11,10,S,7,39650.122448979586
PUDUCHERRY,2022-05-12,10,M,7,29088.4897959184
PUDUCHERRY,2022-05-13,10,M,8,32056.0
PUDUCHERRY,2022-05-14,10,S,9,31032.17283950618
PUDUCHERRY,2022-05-15,10,S,9,31032.17283950618
PUDUCHERRY,2022-05-16,10,S,10,35987.01000000001
PUDUCHERRY,2022-05-17,10,S,10,44820.76000000001
PUDUCHERRY,2022-05-18,10,S,10,54895.0
PUDUCHERRY,2022-05-19,10,S,9,31110.00000000006
PUDUCHERRY,2022-05-20,10,S,9,31110.00000000006
PUDUCHERRY,2022-05-21,10,M,8,62346.859375
PUDUCHERRY,2022-05-22,10,S,7,37985.67346938781
PUDUCHERRY,2022-05-23,10,L,6,20066.583333333314
PUDUCHERRY,2022-05-24,10,M,7,53526.9795918368
PUDUCHERRY,2022-05-25,10,M,7,53526.9795918368
PUDUCHERRY,2022-05-26,10,M,9,72323.7777777777
PUDUCHERRY,2022-05-27,10,M,9,72323.7777777777
PUDUCHERRY,2022-05-28,10,M,9,72323.7777777777
PUDUCHERRY,2022-05-29,10,M,6,22079.55555555562
PUDUCHERRY,2022-05-30,10,L,6,25058.138888888818
PUDUCHERRY,2022-05-31,10,L,5,18456.79999999999
PUDUCHERRY,2022-06-01,10,L,5,18456.79999999999
PUDUCHERRY,2022-06-02,10,L,4,18932.6875
PUDUCHERRY,2022-06-03,10,M,6,57763.472222222365
PUDUCHERRY,2022-06-04,10,M,7,55830.48979591846
PUDUCHERRY,2022-06-05,10,M,7,41939.06122448988
PUDUCHERRY,2022-06-06,10,M,7,41939.06122448988
PUDUCHERRY,2022-06-07,10,M,8,37596.734375
PUDUCHERRY,2022-06-08,10,M,8,37596.734375
PUDUCHERRY,2022-06-09,10,M,9,39561.33333333337
PUDUCHERRY,2022-06-10,10,M,9,39561.33333333337
PUDUCHERRY,2022-06-11,10,M,9,39561.33333333337
PUDUCHERRY,2022-06-12,10,M,11,44538.793388429796
PUDUCHERRY,2022-06-13,10,XL,9,47535.1358024691
PUDUCHERRY,2022-06-14,10,XL,8,53443.0
PUDUCHERRY,2022-06-15,10,XL,8,51438.609375
PUDUCHERRY,2022-06-16,10,XL,8,51438.609375
PUDUCHERRY,2022-06-17,10,M,10,140858.56000000006
PUDUCHERRY,2022-06-18,10,M,10,140858.56000000006
PUDUCHERRY,2022-06-19,10,M,9,152991.80246913584
PUDUCHERRY,2022-06-20,10,L,9,116327.2098765432
PUDUCHERRY,2022-06-21,10,L,10,104867.84999999998
PUDUCHERRY,2022-06-22,10,L,10,104867.84999999998
PUDUCHERRY,2022-06-23,10,L,8,85328.109375
PUDUCHERRY,2022-06-24,10,L,6,40027.47222222219
PUDUCHERRY,2022-06-25,10,L,6,40027.47222222219
PUDUCHERRY,2022-06-26,10,XXL,7,146601.6734693878
PUDUCHERRY,2022-06-27,10,XL,5,12346.0
PUDUCHERRY,2022-06-28,10,XL,5,12346.0
PUDUCHERRY,2022-06-29,10,XL,5,124627.7599999999
PUDUCHERRY,2022-06-30,10,XL,4,110135.6875
PUDUCHERRY,2022-07-01,10,XL,4,110135.6875
PUDUCHERRY,2022-07-02,10,XL,3,67417.5555555555
PUDUCHERRY,2022-07-03,10,XL,3,67417.5555555555
PUDUCHERRY,2022-07-04,10,XL,3,67417.5555555555
PUDUCHERRY,2022-07-05,10,XL,3,67417.5555555555
PUDUCHERRY,2022-07-06,10,XL,3,67417.5555555555
PUDUCHERRY,2022-07-07,10,XL,2,34225.0
PUDUCHERRY,2022-07-08,10,XL,2,34225.0
PUDUCHERRY,2022-07-09,10,M,1,0.0
PUNJAB,2022-04-02,10,L,3,79802.0
PUNJAB,2022-04-03,10,XL,8,26189.1875
PUNJAB,2022-04-04,10,L,13,119799.56213017757
PUNJAB,2022-04-05,10,L,18,153350.20987654314
PUNJAB,2022-04-06,10,L,23,143567.53119092633
PUNJAB,2022-04-07,10,L,26,130609.75147928996
PUNJAB,2022-04-08,10,L,32,109889.83984375
PUNJAB,2022-04-09,10,L,35,105860.99918367353
PUNJAB,2022-04-10,10,L,37,100938.46749452146
PUNJAB,2022-04-11,10,L,41,102559.82391433662
PUNJAB,2022-04-12,10,L,43,92044.40562466189
PUNJAB,2022-04-13,10,L,40,85913.24937500001
PUNJAB,2022-04-14,10,L,38,82383.07479224377
PUNJAB,2022-04-15,10,L,37,58972.29510591674
PUNJAB,2022-04-16,10,L,39,48382.510190664034
PUNJAB,2022-04-17,10,L,38,47748.6544321329
PUNJAB,2022-04-18,10,L,38,55023.60110803321
PUNJAB,2022-04-19,10,XL,47,61291.3309189679
PUNJAB,2022-04-20,10,XL,47,62444.09687641467
PUNJAB,2022-04-21,10,XL,48,53179.305555555504
PUNJAB,2022-04-22,10,XL,45,71791.25135802466
PUNJAB,2022-04-23,10,XL,48,71774.06770833331
PUNJAB,2022-04-24,10,XL,50,70044.65000000008
PUNJAB,2022-04-25,10,XL,57,66932.32009849185
PUNJAB,2022-04-26,10,XL,55,69351.334214876
PUNJAB,2022-04-27,10,XL,55,69019.04264462803
PUNJAB,2022-04-28,10,XL,51,72705.20953479433
PUNJAB,2022-04-29,10,XL,39,66194.34451019065
PUNJAB,2022-04-30,10,XL,40,58194.22750000004
PUNJAB,2022-05-01,10,XL,38,59185.91481994465
PUNJAB,2022-05-02,10,XL,44,62863.51446280995
PUNJAB,2022-05-03,10,XL,40,65931.89937499998
PUNJAB,2022-05-04,10,L,42,73432.64229024953
PUNJAB,2022-05-05,10,L,42,72879.67630385491
PUNJAB,2022-05-06,10,XL,44,91678.67355371895
PUNJAB,2022-05-07,10,L,45,69431.32543209876
PUNJAB,2022-05-08,10,L,41,52906.04402141576
PUNJAB,2022-05-09,10,L,39,51131.41222879675
PUNJAB,2022-05-10,10,L,40,55199.577500000014
PUNJAB,2022-05-11,10,3XL,40,66704.66937500006
PUNJAB,2022-05-12,10,3XL,38,68833.65443213296
PUNJAB,2022-05-13,10,3XL,40,70971.64749999996
PUNJAB,2022-05-14,10,3XL,36,68927.3858024691
PUNJAB,2022-05-15,10,3XL,34,59363.53719723172
PUNJAB,2022-05-16,10,3XL,40,59734.010000000126
PUNJAB,2022-05-17,10,3XL,39,57506.60486522026
PUNJAB,2022-05-18,10,3XL,36,76290.70061728393
PUNJAB,2022-05-19,10,3XL,36,76487.19444444438
PUNJAB,2022-05-20,10,3XL,29,77362.9013079668
PUNJAB,2022-05-21,10,3XL,27,70781.01508916327
PUNJAB,2022-05-22,10,M,28,62041.81632653065
PUNJAB,2022-05-23,10,XL,31,43329.70863683667
PUNJAB,2022-05-24,10,XL,29,36024.43757431628
PUNJAB,2022-05-25,10,3XL,31,66551.93132154009
PUNJAB,2022-05-26,10,XL,35,68336.22857142857
PUNJAB,2022-05-27,10,XL,36,64877.00617283955
PUNJAB,2022-05-28,10,XL,33,64952.90541781462
PUNJAB,2022-05-29,10,XXL,31,60312.603537981224
PUNJAB,2022-05-30,10,XXL,32,52243.3896484375
PUNJAB,2022-05-31,10,XXL,38,50639.834487534536
PUNJAB,2022-06-01,10,XXL,41,46725.60856632952
PUNJAB,2022-06-02,10,XXL,42,46696.501700680354
PUNJAB,2022-06-03,10,XXL,41,46756.71029149316
PUNJAB,2022-06-04,10,XXL,41,39169.10291493154
PUNJAB,2022-06-05,10,XXL,39,50932.51019066409
PUNJAB,2022-06-06,10,XXL,40,54333.03437499999
PUNJAB,2022-06-07,10,XXL,37,59895.10737764789
PUNJAB,2022-06-08,10,XXL,36,77750.749228395
PUNJAB,2022-06-09,10,XXL,35,79107.78775510198
PUNJAB,2022-06-10,10,L,32,92429.8974609375
PUNJAB,2022-06-11,10,M,33,108366.9054178145
PUNJAB,2022-06-12,10,L,35,84741.81714285712
PUNJAB,2022-06-13,10,M,39,79156.89940828411
PUNJAB,2022-06-14,10,M,37,58981.376186997804
PUNJAB,2022-06-15,10,M,37,65298.458728999365
PUNJAB,2022-06-16,10,M,38,57221.249307479244
PUNJAB,2022-06-17,10,M,38,58133.84764542937
PUNJAB,2022-06-18,10,M,37,60265.186267348414
PUNJAB,2022-06-19,10,M,36,72478.28626543202
PUNJAB,2022-06-20,10,M,37,69004.45142439741
PUNJAB,2022-06-21,10,M,29,78661.89774078474
PUNJAB,2022-06-22,10,M,29,71055.31510107015
PUNJAB,2022-06-23,10,3XL,26,38253.13609467447
PUNJAB,2022-06-24,10,M,28,97381.57525510207
PUNJAB,2022-06-25,10,L,27,98524.34842249658
PUNJAB,2022-06-26,10,L,30,98128.63222222222
PUNJAB,2022-06-27,10,L,30,101370.75666666665
PUNJAB,2022-06-28,10,M,28,81425.60204081627
PUNJAB,2022-06-29,10,XXL,28,79328.8826530613
PUNJAB,2022-06-30,10,XXL,24,76451.4149305555
PUNJAB,2022-07-01,10,M,22,76741.33884297527
PUNJAB,2022-07-02,10,L,20,72112.61000000004
PUNJAB,2022-07-03,10,L,17,71397.85467128025
PUNJAB,2022-07-04,10,L,13,31981.159763313655
PUNJAB,2022-07-05,10,XXL,10,88481.04000000004
PUNJAB,2022-07-06,10,XXL,7,58903.71428571426
PUNJAB,2022-07-07,10,XL,5,154836.95999999985
PUNJAB,2022-07-08,10,S,4,15854.75
PUNJAB,2022-07-09,10,S,1,0.0
PUNJAB/MOHALI/ZIRAKPUR,2022-04-26,10,L,1,0.0
PUNJAB/MOHALI/ZIRAKPUR,2022-04-27,10,L,1,0.0
PUNJAB/MOHALI/ZIRAKPUR,2022-04-28,10,L,1,0.0
PUNJAB/MOHALI/ZIRAKPUR,2022-04-29,10,L,1,0.0
PUNJAB/MOHALI/ZIRAKPUR,2022-04-30,10,L,1,0.0
PUNJAB/MOHALI/ZIRAKPUR,2022-05-01,10,L,1,0.0
PUNJAB/MOHALI/ZIRAKPUR,2022-05-02,10,L,1,0.0
PUNJAB/MOHALI/ZIRAKPUR,2022-05-03,10,L,1,0.0
PUNJAB/MOHALI/ZIRAKPUR,2022-05-04,10,L,1,0.0
PUNJAB/MOHALI/ZIRAKPUR,2022-05-05,10,L,1,0.0
RAJASTHAN,2022-04-01,10,L,2,6889.0
RAJASTHAN,2022-04-02,10,L,11,142808.1487603305
RAJASTHAN,2022-04-03,10,L,16,144599.93359375
RAJASTHAN,2022-04-04,10,L,20,123173.82749999996
RAJASTHAN,2022-04-05,10,L,24,118611.78993055562
RAJASTHAN,2022-04-06,10,L,28,105192.94387755106
RAJASTHAN,2022-04-07,10,L,32,106471.9365234375
RAJASTHAN,2022-04-08,10,L,37,96670.26150474802
RAJASTHAN,2022-04-09,10,L,39,94201.93425378046
RAJASTHAN,2022-04-10,10,L,47,91271.46038931643
RAJASTHAN,2022-04-11,10,L,51,100466.40369088808
RAJASTHAN,2022-04-12,10,L,49,91766.99958350684
RAJASTHAN,2022-04-13,10,L,47,92091.90674513346
RAJASTHAN,2022-04-14,10,L,51,103382.99038831226
RAJASTHAN,2022-04-15,10,L,54,99164.54320987646
RAJASTHAN,2022-04-16,10,M,63,74268.90450995212
RAJASTHAN,2022-04-17,10,M,66,77173.85032139579
RAJASTHAN,2022-04-18,10,M,69,78104.22936357913
RAJASTHAN,2022-04-19,10,M,68,75072.45566609001
RAJASTHAN,2022-04-20,10,M,74,70466.23593864136
RAJASTHAN,2022-04-21,10,L,74,112444.07888970047
RAJASTHAN,2022-04-22,10,L,69,108911.72694812011
RAJASTHAN,2022-04-23,10,L,71,99470.05475104135
RAJASTHAN,2022-04-24,10,L,66,90452.55280073459
RAJASTHAN,2022-04-25,10,M,71,85420.85181511601
RAJASTHAN,2022-04-26,10,L,67,104220.6032523947
RAJASTHAN,2022-04-27,10,M,63,75408.53262786602
RAJASTHAN,2022-04-28,10,M,68,75836.38408304489
RAJASTHAN,2022-04-29,10,M,65,78473.64828402369
RAJASTHAN,2022-04-30,10,M,60,74303.85555555561
RAJASTHAN,2022-05-01,10,M,56,74501.81345663272
RAJASTHAN,2022-05-02,10,M,55,94341.50743801647
RAJASTHAN,2022-05-03,10,M,55,86956.13421487599
RAJASTHAN,2022-05-04,10,M,60,113826.9030555556
RAJASTHAN,2022-05-05,10,M,56,122726.57142857148
RAJASTHAN,2022-05-06,10,M,57,120802.38473376434
RAJASTHAN,2022-05-07,10,M,56,129509.62723214284
RAJASTHAN,2022-05-08,10,M,52,135233.20710059174
RAJASTHAN,2022-05-09,10,M,53,143677.53221787105
RAJASTHAN,2022-05-10,10,S,53,125610.7305090779
RAJASTHAN,2022-05-11,10,M,54,139621.1951303155
RAJASTHAN,2022-05-12,10,M,54,120044.75617283955
RAJASTHAN,2022-05-13,10,M,56,124198.47927295917
RAJASTHAN,2022-05-14,10,M,49,102139.63681799243
RAJASTHAN,2022-05-15,10,M,43,90061.07625743642
RAJASTHAN,2022-05-16,10,M,43,103561.28069226607
RAJASTHAN,2022-05-17,10,M,42,102870.13888888893
RAJASTHAN,2022-05-18,10,M,45,92234.80987654324
RAJASTHAN,2022-05-19,10,M,47,78871.25758261641
RAJASTHAN,2022-05-20,10,M,49,78330.17992503126
RAJASTHAN,2022-05-21,10,M,48,78601.78081597213
RAJASTHAN,2022-05-22,10,M,52,84782.01294378703
RAJASTHAN,2022-05-23,10,M,49,80593.59433569352
RAJASTHAN,2022-05-24,10,M,49,82057.44523115375
RAJASTHAN,2022-05-25,10,M,50,75065.35239999997
RAJASTHAN,2022-05-26,10,M,54,81949.52949245542
RAJASTHAN,2022-05-27,10,M,53,74061.97508009954
RAJASTHAN,2022-05-28,10,M,49,75598.61724281544
RAJASTHAN,2022-05-29,10,M,46,80089.01890359167
RAJASTHAN,2022-05-30,10,XL,47,77824.82933454047
RAJASTHAN,2022-05-31,10,XL,52,73098.52773668629
RAJASTHAN,2022-06-01,10,XL,54,69842.96159122087
RAJASTHAN,2022-06-02,10,XL,46,78673.88846880908
RAJASTHAN,2022-06-03,10,XL,44,72491.52221074386
RAJASTHAN,2022-06-04,10,M,42,90187.01360544225
RAJASTHAN,2022-06-05,10,XL,42,69968.21371882089
RAJASTHAN,2022-06-06,10,XL,45,70137.11111111112
RAJASTHAN,2022-06-07,10,L,43,82955.33585722017
RAJASTHAN,2022-06-08,10,M,46,70621.55434782605
RAJASTHAN,2022-06-09,10,L,51,99068.09765474813
RAJASTHAN,2022-06-10,10,L,52,99563.05917159753
RAJASTHAN,2022-06-11,10,M,55,102991.26743801654
RAJASTHAN,2022-06-12,10,M,58,111537.55648038036
RAJASTHAN,2022-06-13,10,M,57,105144.376731302
RAJASTHAN,2022-06-14,10,M,58,121230.66854934604
RAJASTHAN,2022-06-15,10,M,60,117457.07638888888
RAJASTHAN,2022-06-16,10,M,62,124695.05411030177
RAJASTHAN,2022-06-17,10,M,59,135015.12381499563
RAJASTHAN,2022-06-18,10,M,56,140624.74489795917
RAJASTHAN,2022-06-19,10,M,54,146154.77229080943
RAJASTHAN,2022-06-20,10,M,55,150172.89785123977
RAJASTHAN,2022-06-21,10,M,47,131982.77772747847
RAJASTHAN,2022-06-22,10,L,46,109016.54867674853
RAJASTHAN,2022-06-23,10,L,51,104915.99846212997
RAJASTHAN,2022-06-24,10,L,52,110432.16383136099
RAJASTHAN,2022-06-25,10,L,51,106831.85774702043
RAJASTHAN,2022-06-26,10,L,49,102228.27821740939
RAJASTHAN,2022-06-27,10,L,46,86542.293005671
RAJASTHAN,2022-06-28,10,L,46,86327.04158790165
RAJASTHAN,2022-06-29,10,L,38,91823.78670360113
RAJASTHAN,2022-06-30,10,XL,33,64928.71258034895
RAJASTHAN,2022-07-01,10,L,29,73043.28656361485
RAJASTHAN,2022-07-02,10,L,24,66109.27083333337
RAJASTHAN,2022-07-03,10,S,20,198325.03999999998
RAJASTHAN,2022-07-04,10,S,19,202260.4432132964
RAJASTHAN,2022-07-05,10,S,16,233239.359375
RAJASTHAN,2022-07-06,10,S,12,286778.3541666666
RAJASTHAN,2022-07-07,10,S,6,79943.58333333326
RAJASTHAN,2022-07-08,10,M,3,7112.0
RAJSHTHAN,2022-04-30,10,S,1,0.0
RAJSHTHAN,2022-05-01,10,S,1,0.0
RAJSHTHAN,2022-05-02,10,S,1,0.0
RAJSHTHAN,2022-05-03,10,S,1,0.0
RAJSHTHAN,2022-05-04,10,S,1,0.0
RAJSHTHAN,2022-05-05,10,S,1,0.0
RAJSHTHAN,2022-05-06,10,S,1,0.0
RAJSHTHAN,2022-05-07,10,S,1,0.0
RAJSHTHAN,2022-05-08,10,S,1,0.0
RAJSHTHAN,2022-05-09,10,S,1,0.0
RAJSTHAN,2022-06-06,10,XL,1,0.0
RAJSTHAN,2022-06-07,10,XL,1,0.0
RAJSTHAN,2022-06-08,10,XL,1,0.0
RAJSTHAN,2022-06-09,10,XL,1,0.0
RAJSTHAN,2022-06-10,10,XL,1,0.0
RAJSTHAN,2022-06-11,10,XL,1,0.0
RAJSTHAN,2022-06-12,10,XL,1,0.0
RAJSTHAN,2022-06-13,10,XL,1,0.0
RAJSTHAN,2022-06-14,10,XL,1,0.0
RAJSTHAN,2022-06-15,10,XL,1,0.0
RAJSTHAN,2022-06-23,10,XL,1,0.0
RAJSTHAN,2022-06-24,10,XL,1,0.0
RAJSTHAN,2022-06-25,10,XL,1,0.0
RAJSTHAN,2022-06-26,10,XL,1,0.0
RAJSTHAN,2022-06-27,10,XL,1,0.0
RAJSTHAN,2022-06-28,10,XL,1,0.0
RAJSTHAN,2022-06-29,10,XL,1,0.0
RAJSTHAN,2022-06-30,10,XL,1,0.0
RAJSTHAN,2022-07-01,10,XL,1,0.0
RAJSTHAN,2022-07-02,10,XL,1,0.0
RJ,2022-04-16,10,XL,1,0.0
RJ,2022-04-17,10,XL,1,0.0
RJ,2022-04-18,10,XL,1,0.0
RJ,2022-04-19,10,XL,1,0.0
RJ,2022-04-20,10,XL,1,0.0
RJ,2022-04-21,10,XL,1,0.0
RJ,2022-04-22,10,XL,1,0.0
RJ,2022-04-23,10,XL,1,0.0
RJ,2022-04-24,10,XL,1,0.0
RJ,2022-04-25,10,XL,1,0.0
RJ,2022-06-01,10,XL,1,0.0
RJ,2022-06-02,10,XL,1,0.0
RJ,2022-06-03,10,XL,1,0.0
RJ,2022-06-04,10,XL,1,0.0
RJ,2022-06-05,10,XL,1,0.0
RJ,2022-06-06,10,XL,1,0.0
RJ,2022-06-07,10,XL,1,0.0
RJ,2022-06-08,10,XL,1,0.0
RJ,2022-06-09,10,XL,1,0.0
RJ,2022-06-10,10,XL,1,0.0
SIKKIM,2022-04-02,10,S,2,18496.0
SIKKIM,2022-04-03,10,L,2,240.25
SIKKIM,2022-04-04,10,S,4,15868.1875
SIKKIM,2022-04-05,10,S,5,13969.039999999979
SIKKIM,2022-04-06,10,S,5,13969.039999999979
SIKKIM,2022-04-07,10,S,6,24679.888888888934
SIKKIM,2022-04-08,10,S,6,24679.888888888934
SIKKIM,2022-04-09,10,S,6,24679.888888888934
SIKKIM,2022-04-10,10,S,6,24679.888888888934
SIKKIM,2022-04-11,10,M,6,6269.583333333314
SIKKIM,2022-04-12,10,M,6,6269.583333333314
SIKKIM,2022-04-13,10,M,6,6269.583333333314
SIKKIM,2022-04-14,10,M,6,6269.583333333314
SIKKIM,2022-04-15,10,M,6,6269.583333333314
SIKKIM,2022-04-16,10,L,3,24800.0
SIKKIM,2022-04-17,10,M,3,138.88888888893416
SIKKIM,2022-04-18,10,M,4,117.1875
SIKKIM,2022-04-19,10,M,5,103.35999999992782
SIKKIM,2022-04-20,10,M,4,110.1875
SIKKIM,2022-04-21,10,3XL,4,28045.6875
SIKKIM,2022-04-22,10,3XL,4,28045.6875
SIKKIM,2022-04-23,10,3XL,4,28045.6875
SIKKIM,2022-04-24,10,3XL,5,25953.03999999992
SIKKIM,2022-04-25,10,3XL,6,21629.138888888992
SIKKIM,2022-04-26,10,M,9,36324.222222222306
SIKKIM,2022-04-27,10,M,8,40620.609375
SIKKIM,2022-04-28,10,M,7,46064.81632653059
SIKKIM,2022-04-29,10,M,7,52905.95918367349
SIKKIM,2022-04-30,10,M,8,57663.359375
SIKKIM,2022-05-01,10,M,8,57663.359375
SIKKIM,2022-05-02,10,M,7,28147.387755102012
SIKKIM,2022-05-03,10,M,10,29713.76000000001
SIKKIM,2022-05-04,10,M,9,26033.95061728399
SIKKIM,2022-05-05,10,M,9,27516.098765432078
SIKKIM,2022-05-06,10,M,7,41898.69387755089
SIKKIM,2022-05-07,10,M,8,41866.109375
SIKKIM,2022-05-08,10,M,9,39560.444444444496
SIKKIM,2022-05-09,10,S,8,41328.484375
SIKKIM,2022-05-10,10,M,8,27530.359375
SIKKIM,2022-05-11,10,M,9,28299.555555555504
SIKKIM,2022-05-12,10,M,9,28299.555555555504
SIKKIM,2022-05-13,10,S,8,41072.5
SIKKIM,2022-05-14,10,S,8,41072.5
SIKKIM,2022-05-15,10,M,8,66716.484375
SIKKIM,2022-05-16,10,M,7,70063.10204081645
SIKKIM,2022-05-17,10,M,8,57872.25
SIKKIM,2022-05-18,10,M,8,57072.5
SIKKIM,2022-05-19,10,M,8,57072.5
SIKKIM,2022-05-20,10,M,7,58825.061224489706
SIKKIM,2022-05-21,10,M,6,59948.91666666663
SIKKIM,2022-05-22,10,M,6,59948.91666666663
SIKKIM,2022-05-23,10,M,6,59948.91666666663
SIKKIM,2022-05-24,10,M,5,953.2000000000116
SIKKIM,2022-05-25,10,M,4,471.5
SIKKIM,2022-05-26,10,M,4,471.5
SIKKIM,2022-05-27,10,M,2,756.25
SIKKIM,2022-05-28,10,M,2,196.0
SIKKIM,2022-05-29,10,M,2,196.0
SIKKIM,2022-05-30,10,M,2,196.0
SIKKIM,2022-05-31,10,3XL,3,104888.22222222225
SIKKIM,2022-06-01,10,M,2,196.0
SIKKIM,2022-06-02,10,M,2,196.0
SIKKIM,2022-06-03,10,L,3,13038.222222222306
SIKKIM,2022-06-04,10,L,5,23330.24000000002
SIKKIM,2022-06-05,10,L,5,23330.24000000002
SIKKIM,2022-06-06,10,L,5,23330.24000000002
SIKKIM,2022-06-07,10,L,7,24552.693877551064
SIKKIM,2022-06-08,10,L,7,24552.693877551064
SIKKIM,2022-06-09,10,L,8,106734.5
SIKKIM,2022-06-10,10,L,9,96037.80246913584
SIKKIM,2022-06-11,10,L,11,107871.5041322314
SIKKIM,2022-06-12,10,L,11,107871.5041322314
SIKKIM,2022-06-13,10,L,9,127291.33333333337
SIKKIM,2022-06-14,10,XL,7,85864.53061224491
SIKKIM,2022-06-15,10,XL,7,85864.53061224491
SIKKIM,2022-06-16,10,XL,8,142457.5
SIKKIM,2022-06-17,10,XL,8,142457.5
SIKKIM,2022-06-18,10,XL,8,142457.5
SIKKIM,2022-06-19,10,XL,5,226672.95999999996
SIKKIM,2022-06-20,10,XL,3,142734.22222222213
SIKKIM,2022-06-21,10,3XL,2,33124.0
SIKKIM,2022-06-22,10,3XL,2,33124.0
SIKKIM,2022-06-23,10,XL,3,209238.88888888888
SIKKIM,2022-06-24,10,XL,4,176089.1875
SIKKIM,2022-06-25,10,XL,5,144018.55999999994
SIKKIM,2022-06-26,10,XL,4,69464.75
SIKKIM,2022-06-27,10,XL,4,69464.75
SIKKIM,2022-06-28,10,XL,4,69464.75
SIKKIM,2022-06-29,10,XL,4,69464.75
SIKKIM,2022-06-30,10,XL,4,69464.75
SIKKIM,2022-07-01,10,XL,4,69464.75
SIKKIM,2022-07-02,10,XL,4,69464.75
SIKKIM,2022-07-03,10,3XL,3,213868.2222222223
SIKKIM,2022-07-04,10,3XL,2,231361.0
SIKKIM,2022-07-05,10,3XL,2,231361.0
SIKKIM,2022-07-06,10,3XL,2,231361.0
SIKKIM,2022-07-07,10,3XL,2,231361.0
SIKKIM,2022-07-08,10,L,1,0.0
TAMIL NADU,2022-04-01,10,L,3,10203.555555555562
TAMIL NADU,2022-04-02,10,XL,25,72472.63999999996
TAMIL NADU,2022-04-03,10,M,51,57994.902729719295
TAMIL NADU,2022-04-04,10,M,69,64549.83406847302
TAMIL NADU,2022-04-05,10,L,87,41272.76839741052
TAMIL NADU,2022-04-06,10,L,102,42438.83093041129
TAMIL NADU,2022-04-07,10,L,117,51493.496383957856
TAMIL NADU,2022-04-08,10,L,134,55306.64051013591
TAMIL NADU,2022-04-09,10,L,157,55419.338066453056
TAMIL NADU,2022-04-10,10,L,190,56096.73354570643
TAMIL NADU,2022-04-11,10,L,211,56972.94198243524
TAMIL NADU,2022-04-12,10,L,218,60648.45915747841
TAMIL NADU,2022-04-13,10,L,218,65718.8981777628
TAMIL NADU,2022-04-14,10,L,214,66389.87160450692
TAMIL NADU,2022-04-15,10,L,211,68966.54230587807
TAMIL NADU,2022-04-16,10,L,225,66232.02836543217
TAMIL NADU,2022-04-17,10,L,224,60902.96075813135
TAMIL NADU,2022-04-18,10,L,232,55354.2097019917
TAMIL NADU,2022-04-19,10,L,229,54744.96180469473
TAMIL NADU,2022-04-20,10,XL,217,51298.09178364376
TAMIL NADU,2022-04-21,10,XL,220,48613.07685950416
TAMIL NADU,2022-04-22,10,XL,220,49630.80157024786
TAMIL NADU,2022-04-23,10,XL,215,49699.124802595994
TAMIL NADU,2022-04-24,10,XL,216,43043.952932098764
TAMIL NADU,2022-04-25,10,XL,214,43109.43027775345
TAMIL NADU,2022-04-26,10,M,210,41338.41551020404
TAMIL NADU,2022-04-27,10,XL,222,45146.7289992696
TAMIL NADU,2022-04-28,10,XL,226,44918.21951601538
TAMIL NADU,2022-04-29,10,XL,225,47356.92246913578
TAMIL NADU,2022-04-30,10,XL,213,45271.67193458084
TAMIL NADU,2022-05-01,10,XL,213,47848.74751482287
TAMIL NADU,2022-05-02,10,XL,211,42638.72855506395
TAMIL NADU,2022-05-03,10,XL,228,44152.211507386935
TAMIL NADU,2022-05-04,10,XL,239,45663.23429211683
TAMIL NADU,2022-05-05,10,XL,243,44827.79637250421
TAMIL NADU,2022-05-06,10,XL,235,42418.571480307786
TAMIL NADU,2022-05-07,10,L,214,58405.23058782425
TAMIL NADU,2022-05-08,10,L,213,55414.78547025507
TAMIL NADU,2022-05-09,10,L,217,56874.93376372394
TAMIL NADU,2022-05-10,10,L,208,63433.576899962965
TAMIL NADU,2022-05-11,10,L,212,63469.59576361702
TAMIL NADU,2022-05-12,10,M,198,84347.98370064277
TAMIL NADU,2022-05-13,10,L,192,66882.359375
TAMIL NADU,2022-05-14,10,L,177,69767.36652941367
TAMIL NADU,2022-05-15,10,L,173,68358.22078920103
TAMIL NADU,2022-05-16,10,L,164,67102.72189173114
TAMIL NADU,2022-05-17,10,L,168,66206.84807256242
TAMIL NADU,2022-05-18,10,L,169,69111.98865585937
TAMIL NADU,2022-05-19,10,L,165,78550.74431588617
TAMIL NADU,2022-05-20,10,L,166,74612.97779068089
TAMIL NADU,2022-05-21,10,L,163,74873.09601415182
TAMIL NADU,2022-05-22,10,L,161,66684.93962424295
TAMIL NADU,2022-05-23,10,L,164,64916.97780339082
TAMIL NADU,2022-05-24,10,L,163,64263.646053671546
TAMIL NADU,2022-05-25,10,L,158,66722.63407306513
TAMIL NADU,2022-05-26,10,L,158,65568.57506809803
TAMIL NADU,2022-05-27,10,XL,159,76164.50132510584
TAMIL NADU,2022-05-28,10,XL,164,73446.40511600242
TAMIL NADU,2022-05-29,10,XL,176,68781.98137267563
TAMIL NADU,2022-05-30,10,XL,176,67949.12809917354
TAMIL NADU,2022-05-31,10,XL,176,62713.646177685994
TAMIL NADU,2022-06-01,10,XL,195,59860.89846153854
TAMIL NADU,2022-06-02,10,XL,194,60874.536002763314
TAMIL NADU,2022-06-03,10,XL,195,59231.64076265617
TAMIL NADU,2022-06-04,10,XL,187,54844.83799937082
TAMIL NADU,2022-06-05,10,XXL,201,61455.0730427464
TAMIL NADU,2022-06-06,10,M,205,68637.59890541347
TAMIL NADU,2022-06-07,10,M,223,69150.62112650572
TAMIL NADU,2022-06-08,10,M,224,66811.05604272953
TAMIL NADU,2022-06-09,10,M,222,69295.40532424318
TAMIL NADU,2022-06-10,10,M,229,70866.54747239762
TAMIL NADU,2022-06-11,10,M,215,64191.54968090856
TAMIL NADU,2022-06-12,10,M,211,62856.79499562003
TAMIL NADU,2022-06-13,10,M,213,63051.430271771445
TAMIL NADU,2022-06-14,10,M,215,64175.15686316934
TAMIL NADU,2022-06-15,10,XL,217,79672.74756312516
TAMIL NADU,2022-06-16,10,XL,212,79944.10633232474
TAMIL NADU,2022-06-17,10,XL,204,78860.67406766629
TAMIL NADU,2022-06-18,10,XL,196,83659.23039879213
TAMIL NADU,2022-06-19,10,XL,201,82389.56827801291
TAMIL NADU,2022-06-20,10,XL,202,84895.48850602878
TAMIL NADU,2022-06-21,10,XL,193,84371.78313511779
TAMIL NADU,2022-06-22,10,XL,196,77452.65938671387
TAMIL NADU,2022-06-23,10,XL,193,67338.38025181886
TAMIL NADU,2022-06-24,10,XL,188,60300.481326392095
TAMIL NADU,2022-06-25,10,XL,175,68067.00160000008
TAMIL NADU,2022-06-26,10,XL,168,67038.81714144
TAMIL NADU,2022-06-27,10,XL,168,65904.16237953515
TAMIL NADU,2022-06-28,10,XL,161,66686.07075344311
TAMIL NADU,2022-06-29,10,L,157,60295.67820195551
TAMIL NADU,2022-06-30,10,L,148,63570.51365047484
TAMIL NADU,2022-07-01,10,L,135,65879.87654320989
TAMIL NADU,2022-07-02,10,L,116,60390.32662009506
TAMIL NADU,2022-07-03,10,L,99,60447.493317008484
TAMIL NADU,2022-07-04,10,L,89,61452.476959979744
TAMIL NADU,2022-07-05,10,L,69,68161.61814744805
TAMIL NADU,2022-07-06,10,M,58,59733.2737812128
TAMIL NADU,2022-07-07,10,M,35,58735.7110204082
TAMIL NADU,2022-07-08,10,M,20,49202.159999999916
TAMIL NADU,2022-07-09,10,M,5,6598.24000000002
TELANGANA,2022-04-01,10,L,3,17544.22222222219
TELANGANA,2022-04-02,10,M,21,72103.28344671195
TELANGANA,2022-04-03,10,M,41,81203.77513384883
TELANGANA,2022-04-04,10,M,62,75706.15296566073
TELANGANA,2022-04-05,10,M,74,76763.28871439007
TELANGANA,2022-04-06,10,M,95,77336.92033241002
TELANGANA,2022-04-07,10,M,108,71756.87105624145
TELANGANA,2022-04-08,10,M,125,69832.18905599997
TELANGANA,2022-04-09,10,M,145,71377.64299643278
TELANGANA,2022-04-10,10,M,160,70423.89683593751
TELANGANA,2022-04-11,10,L,182,54978.85448617319
TELANGANA,2022-04-12,10,L,185,62259.95704894082
TELANGANA,2022-04-13,10,L,195,63433.12557527935
TELANGANA,2022-04-14,10,L,213,64308.93372126343
TELANGANA,2022-04-15,10,L,215,63579.56504056248
TELANGANA,2022-04-16,10,L,218,67674.4496254524
TELANGANA,2022-04-17,10,L,229,67384.98270437255
TELANGANA,2022-04-18,10,L,231,68075.49596147
TELANGANA,2022-04-19,10,L,212,65904.82458170166
TELANGANA,2022-04-20,10,L,208,65152.74029215978
TELANGANA,2022-04-21,10,L,203,61429.63338105753
TELANGANA,2022-04-22,10,L,206,53495.40767273068
TELANGANA,2022-04-23,10,L,213,50615.917785271886
TELANGANA,2022-04-24,10,XL,205,46658.24661511008
TELANGANA,2022-04-25,10,M,213,59484.815490753565
TELANGANA,2022-04-26,10,M,219,67937.77173119824
TELANGANA,2022-04-27,10,M,221,68334.89560000814
TELANGANA,2022-04-28,10,M,226,70506.01137520547
TELANGANA,2022-04-29,10,M,228,71125.24859572179
TELANGANA,2022-04-30,10,M,225,71230.89351111103
TELANGANA,2022-05-01,10,M,220,69571.1908264464
TELANGANA,2022-05-02,10,M,221,66276.80534796586
TELANGANA,2022-05-03,10,M,228,71194.94105878728
TELANGANA,2022-05-04,10,M,237,71403.48291762365
TELANGANA,2022-05-05,10,M,246,67588.36653116526
TELANGANA,2022-05-06,10,M,250,64181.806016000046
TELANGANA,2022-05-07,10,M,251,67059.40635862917
TELANGANA,2022-05-08,10,M,246,64376.99940511602
TELANGANA,2022-05-09,10,M,248,65134.14917728928
TELANGANA,2022-05-10,10,M,241,66464.8259844011
TELANGANA,2022-05-11,10,M,225,69646.94293333328
TELANGANA,2022-05-12,10,M,215,70016.58388318011
TELANGANA,2022-05-13,10,M,202,68439.28359964711
TELANGANA,2022-05-14,10,M,189,71632.77674197243
TELANGANA,2022-05-15,10,M,169,83712.91565421381
TELANGANA,2022-05-16,10,M,166,84856.36191754969
TELANGANA,2022-05-17,10,L,169,61581.89181051083
TELANGANA,2022-05-18,10,L,164,63470.21248512791
TELANGANA,2022-05-19,10,L,166,57094.56916823925
TELANGANA,2022-05-20,10,L,172,64309.05093969713
TELANGANA,2022-05-21,10,L,173,66558.85268468718
TELANGANA,2022-05-22,10,L,176,81517.92032541323
TELANGANA,2022-05-23,10,L,171,81453.79193598026
TELANGANA,2022-05-24,10,L,162,81829.04877305293
TELANGANA,2022-05-25,10,XL,161,92724.2138034798
TELANGANA,2022-05-26,10,XL,170,79001.10868512106
TELANGANA,2022-05-27,10,XL,179,79752.753721794
TELANGANA,2022-05-28,10,XL,178,81103.56672137353
TELANGANA,2022-05-29,10,XL,178,83171.19795480365
TELANGANA,2022-05-30,10,XL,182,82422.93998309382
TELANGANA,2022-05-31,10,XL,180,79685.78691358032
TELANGANA,2022-06-01,10,XL,195,74671.41527942132
TELANGANA,2022-06-02,10,XL,191,75008.71187741554
TELANGANA,2022-06-03,10,XL,199,77772.06787707383
TELANGANA,2022-06-04,10,XL,208,79215.15104937134
TELANGANA,2022-06-05,10,XL,211,85860.55650142627
TELANGANA,2022-06-06,10,XL,206,85779.57762277307
TELANGANA,2022-06-07,10,XL,209,83618.15677296772
TELANGANA,2022-06-08,10,XL,210,86898.29408163263
TELANGANA,2022-06-09,10,XL,219,85039.30818790256
TELANGANA,2022-06-10,10,XL,223,89154.63081903924
TELANGANA,2022-06-11,10,XL,221,95394.72672549699
TELANGANA,2022-06-12,10,XL,223,115673.70954573783
TELANGANA,2022-06-13,10,XL,220,114043.18148760323
TELANGANA,2022-06-14,10,XL,219,113002.46842225979
TELANGANA,2022-06-15,10,L,208,83361.51624907547
TELANGANA,2022-06-16,10,XL,208,112162.72094582103
TELANGANA,2022-06-17,10,XL,207,108092.42362715577
TELANGANA,2022-06-18,10,XL,199,105084.70124491799
TELANGANA,2022-06-19,10,XL,189,111057.40578371263
TELANGANA,2022-06-20,10,M,181,70427.55080736242
TELANGANA,2022-06-21,10,M,183,72971.12711636652
TELANGANA,2022-06-22,10,M,188,83276.985174287
TELANGANA,2022-06-23,10,M,184,86350.89174740075
TELANGANA,2022-06-24,10,M,179,88975.80562404421
TELANGANA,2022-06-25,10,M,175,98897.03262040816
TELANGANA,2022-06-26,10,M,158,102663.76610318868
TELANGANA,2022-06-27,10,XL,155,98348.21336108213
TELANGANA,2022-06-28,10,XL,164,109675.49535246874
TELANGANA,2022-06-29,10,M,166,99577.38746552484
TELANGANA,2022-06-30,10,M,151,104270.97504495422
TELANGANA,2022-07-01,10,M,132,103649.95058539958
TELANGANA,2022-07-02,10,M,112,96956.31855867355
TELANGANA,2022-07-03,10,M,95,95668.15578947368
TELANGANA,2022-07-04,10,XL,88,130323.96900826442
TELANGANA,2022-07-05,10,XL,74,136333.54565376183
TELANGANA,2022-07-06,10,XL,56,136017.78539540817
TELANGANA,2022-07-07,10,M,41,77220.56632956566
TELANGANA,2022-07-08,10,M,17,64007.61937716277
TELANGANA,2022-07-09,10,L,5,14564.400000000023
TRIPURA,2022-04-01,10,XXL,1,0.0
TRIPURA,2022-04-02,10,XXL,4,9220.5
TRIPURA,2022-04-03,10,XXL,4,9220.5
TRIPURA,2022-04-04,10,XXL,4,9220.5
TRIPURA,2022-04-05,10,XXL,4,9220.5
TRIPURA,2022-04-06,10,XXL,4,9220.5
TRIPURA,2022-04-07,10,XXL,5,14365.359999999986
TRIPURA,2022-04-08,10,XXL,5,14365.359999999986
TRIPURA,2022-04-09,10,XXL,6,11971.222222222248
TRIPURA,2022-04-10,10,XXL,6,11971.222222222248
TRIPURA,2022-04-11,10,M,6,88449.88888888882
TRIPURA,2022-04-12,10,M,7,75886.69387755095
TRIPURA,2022-04-13,10,M,8,75463.859375
TRIPURA,2022-04-14,10,M,8,73983.6875
TRIPURA,2022-04-15,10,M,7,84542.97959183675
TRIPURA,2022-04-16,10,M,7,84542.97959183675
TRIPURA,2022-04-17,10,M,9,70275.7777777777
TRIPURA,2022-04-18,10,M,7,84786.24489795917
TRIPURA,2022-04-19,10,L,6,17496.0
TRIPURA,2022-04-20,10,L,6,17496.0
TRIPURA,2022-04-21,10,L,6,17496.0
TRIPURA,2022-04-22,10,L,6,17496.0
TRIPURA,2022-04-23,10,L,6,17496.0
TRIPURA,2022-04-24,10,L,6,30716.888888888876
TRIPURA,2022-04-25,10,M,3,1346.0
TRIPURA,2022-04-26,10,M,4,1041.1875
TRIPURA,2022-04-27,10,XXL,2,0.0
TRIPURA,2022-04-28,10,L,4,87890.6875
TRIPURA,2022-04-29,10,M,3,85670.88888888888
TRIPURA,2022-04-30,10,M,4,69587.25
TRIPURA,2022-05-01,10,XXL,5,91264.40000000002
TRIPURA,2022-05-02,10,XXL,5,91264.40000000002
TRIPURA,2022-05-03,10,XXL,5,91264.40000000002
TRIPURA,2022-05-04,10,XXL,5,91264.40000000002
TRIPURA,2022-05-05,10,L,4,23199.1875
TRIPURA,2022-05-06,10,L,4,23199.1875
TRIPURA,2022-05-07,10,L,4,23199.1875
TRIPURA,2022-05-08,10,XS,4,50538.1875
TRIPURA,2022-05-09,10,XS,4,50538.1875
TRIPURA,2022-05-10,10,XS,3,17282.888888888992
TRIPURA,2022-05-11,10,XS,3,17282.888888888992
TRIPURA,2022-05-12,10,XL,4,20333.1875
TRIPURA,2022-05-13,10,XL,4,20333.1875
TRIPURA,2022-05-14,10,XL,4,20333.1875
TRIPURA,2022-05-15,10,XS,3,20348.22222222219
TRIPURA,2022-05-16,10,XS,3,1981.5555555555038
TRIPURA,2022-05-17,10,XL,3,17284.222222222306
TRIPURA,2022-05-18,10,XL,3,17284.222222222306
TRIPURA,2022-05-19,10,XL,4,21337.25
TRIPURA,2022-05-20,10,XXL,3,522.8888888889342
TRIPURA,2022-05-21,10,XL,3,28204.22222222213
TRIPURA,2022-05-22,10,XS,2,812.25
TRIPURA,2022-05-23,10,M,3,35757.55555555556
TRIPURA,2022-05-24,10,M,3,35757.55555555556
TRIPURA,2022-05-25,10,M,3,35757.55555555556
TRIPURA,2022-05-26,10,M,3,35757.55555555556
TRIPURA,2022-05-27,10,M,5,22988.159999999916
TRIPURA,2022-05-28,10,M,6,22589.0
TRIPURA,2022-05-29,10,M,7,22818.0
TRIPURA,2022-05-30,10,M,7,22818.0
TRIPURA,2022-05-31,10,M,6,22809.888888888934
TRIPURA,2022-06-01,10,M,6,22809.888888888934
TRIPURA,2022-06-02,10,M,5,10135.759999999951
TRIPURA,2022-06-03,10,M,6,23406.916666666686
TRIPURA,2022-06-04,10,M,7,114134.77551020414
TRIPURA,2022-06-05,10,M,7,114134.77551020414
TRIPURA,2022-06-06,10,S,5,24541.440000000002
TRIPURA,2022-06-07,10,S,5,24541.440000000002
TRIPURA,2022-06-08,10,S,4,723.0
TRIPURA,2022-06-09,10,S,4,723.0
TRIPURA,2022-06-10,10,S,4,723.0
TRIPURA,2022-06-11,10,S,3,910.2222222222481
TRIPURA,2022-06-12,10,M,3,247483.55555555562
TRIPURA,2022-06-13,10,3XL,2,56.25
TRIPURA,2022-06-14,10,3XL,2,56.25
TRIPURA,2022-06-15,10,L,3,31196.222222222248
TRIPURA,2022-06-16,10,L,3,31196.222222222248
TRIPURA,2022-06-17,10,L,3,31196.222222222248
TRIPURA,2022-06-18,10,XL,3,110266.88888888888
TRIPURA,2022-06-19,10,M,2,5256.25
TRIPURA,2022-06-20,10,L,3,26554.888888888876
TRIPURA,2022-06-21,10,L,3,26554.888888888876
TRIPURA,2022-06-22,10,L,3,26554.888888888876
TRIPURA,2022-06-23,10,L,2,272.25
TRIPURA,2022-06-24,10,L,2,272.25
TRIPURA,2022-06-25,10,S,3,15929.55555555562
TRIPURA,2022-06-26,10,S,2,5329.0
TRIPURA,2022-06-27,10,S,2,5329.0
TRIPURA,2022-06-28,10,L,2,1024.0
TRIPURA,2022-06-29,10,L,2,1024.0
TRIPURA,2022-06-30,10,S,2,37056.25
TRIPURA,2022-07-01,10,S,2,37056.25
TRIPURA,2022-07-02,10,S,2,37056.25
TRIPURA,2022-07-03,10,S,2,37056.25
TRIPURA,2022-07-04,10,S,2,37056.25
TRIPURA,2022-07-05,10,3XL,1,0.0
TRIPURA,2022-07-06,10,3XL,1,0.0
TRIPURA,2022-07-07,10,3XL,1,0.0
TRIPURA,2022-07-08,10,M,1,0.0
TRIPURA,2022-07-09,10,S,1,0.0
UTTAR PRADESH,2022-04-01,10,XXL,4,15514.75
UTTAR PRADESH,2022-04-02,10,S,21,55519.26984126988
UTTAR PRADESH,2022-04-03,10,M,43,59898.06165494869
UTTAR PRADESH,2022-04-04,10,M,65,63527.67715976335
UTTAR PRADESH,2022-04-05,10,M,84,57998.177295918285
UTTAR PRADESH,2022-04-06,10,M,105,63217.11963718821
UTTAR PRADESH,2022-04-07,10,L,128,75415.359375
UTTAR PRADESH,2022-04-08,10,L,149,72174.37953245349
UTTAR PRADESH,2022-04-09,10,L,179,70300.8335570051
UTTAR PRADESH,2022-04-10,10,L,197,76226.78069519956
UTTAR PRADESH,2022-04-11,10,L,224,72841.56343670283
UTTAR PRADESH,2022-04-12,10,L,236,71809.08273484628
UTTAR PRADESH,2022-04-13,10,L,234,75522.61275476665
UTTAR PRADESH,2022-04-14,10,L,239,78322.77817265096
UTTAR PRADESH,2022-04-15,10,L,248,79996.24725221132
UTTAR PRADESH,2022-04-16,10,L,244,76814.00246909441
UTTAR PRADESH,2022-04-17,10,M,245,77766.28244897968
UTTAR PRADESH,2022-04-18,10,M,233,76362.78568402439
UTTAR PRADESH,2022-04-19,10,M,237,69178.98705691751
UTTAR PRADESH,2022-04-20,10,M,239,74177.20474081347
UTTAR PRADESH,2022-04-21,10,M,240,70579.50388888892
UTTAR PRADESH,2022-04-22,10,M,240,71777.72942708334
UTTAR PRADESH,2022-04-23,10,M,247,73425.99786916684
UTTAR PRADESH,2022-04-24,10,M,252,67845.58106575964
UTTAR PRADESH,2022-04-25,10,M,243,73413.8026046165
UTTAR PRADESH,2022-04-26,10,M,236,78592.36297041085
UTTAR PRADESH,2022-04-27,10,M,224,77806.71107700892
UTTAR PRADESH,2022-04-28,10,M,240,76871.01692708331
UTTAR PRADESH,2022-04-29,10,M,228,89090.87088334875
UTTAR PRADESH,2022-04-30,10,M,233,89651.947355818
UTTAR PRADESH,2022-05-01,10,XL,229,101329.42209340021
UTTAR PRADESH,2022-05-02,10,M,231,98452.12799610198
UTTAR PRADESH,2022-05-03,10,M,244,118618.13249126589
UTTAR PRADESH,2022-05-04,10,M,230,124529.4598298677
UTTAR PRADESH,2022-05-05,10,M,229,126897.5105356496
UTTAR PRADESH,2022-05-06,10,M,217,125285.5812185437
UTTAR PRADESH,2022-05-07,10,M,218,131217.7159330023
UTTAR PRADESH,2022-05-08,10,M,211,133694.6433368522
UTTAR PRADESH,2022-05-09,10,M,220,132264.65080578515
UTTAR PRADESH,2022-05-10,10,M,220,123191.60322314047
UTTAR PRADESH,2022-05-11,10,M,223,117787.83591063565
UTTAR PRADESH,2022-05-12,10,M,211,114927.0860942027
UTTAR PRADESH,2022-05-13,10,M,201,90542.22860820277
UTTAR PRADESH,2022-05-14,10,M,205,90251.62127305183
UTTAR PRADESH,2022-05-15,10,M,191,77889.8218798826
UTTAR PRADESH,2022-05-16,10,M,193,79827.79500120814
UTTAR PRADESH,2022-05-17,10,M,187,72811.67376819468
UTTAR PRADESH,2022-05-18,10,M,183,77583.94105527189
UTTAR PRADESH,2022-05-19,10,M,173,64242.54689431662
UTTAR PRADESH,2022-05-20,10,M,169,70385.21039179299
UTTAR PRADESH,2022-05-21,10,M,166,73798.318660183
UTTAR PRADESH,2022-05-22,10,M,167,75675.86604037433
UTTAR PRADESH,2022-05-23,10,M,161,80845.80610315956
UTTAR PRADESH,2022-05-24,10,XL,157,106954.55718284706
UTTAR PRADESH,2022-05-25,10,XL,155,101245.54031217471
UTTAR PRADESH,2022-05-26,10,XL,157,96996.5226986896
UTTAR PRADESH,2022-05-27,10,M,167,99841.68797733868
UTTAR PRADESH,2022-05-28,10,M,170,95349.40418685123
UTTAR PRADESH,2022-05-29,10,M,166,92168.80407170852
UTTAR PRADESH,2022-05-30,10,M,165,92759.85219467396
UTTAR PRADESH,2022-05-31,10,M,159,93006.45140619436
UTTAR PRADESH,2022-06-01,10,M,163,94559.83303850342
UTTAR PRADESH,2022-06-02,10,M,171,87188.80831708899
UTTAR PRADESH,2022-06-03,10,M,172,83517.45791644126
UTTAR PRADESH,2022-06-04,10,M,175,88409.69959183672
UTTAR PRADESH,2022-06-05,10,M,181,83461.90116296808
UTTAR PRADESH,2022-06-06,10,M,170,77323.02089965408
UTTAR PRADESH,2022-06-07,10,M,173,72936.27779077145
UTTAR PRADESH,2022-06-08,10,M,183,74935.63761235034
UTTAR PRADESH,2022-06-09,10,M,183,78380.68715100473
UTTAR PRADESH,2022-06-10,10,M,196,78079.37963348604
UTTAR PRADESH,2022-06-11,10,M,195,77801.19957922417
UTTAR PRADESH,2022-06-12,10,M,190,80203.65817174519
UTTAR PRADESH,2022-06-13,10,M,187,79076.86997054535
UTTAR PRADESH,2022-06-14,10,M,182,73751.67180896038
UTTAR PRADESH,2022-06-15,10,M,177,73255.16333109891
UTTAR PRADESH,2022-06-16,10,M,178,71905.44918570889
UTTAR PRADESH,2022-06-17,10,M,171,74177.00222290616
UTTAR PRADESH,2022-06-18,10,M,167,76357.59102154971
UTTAR PRADESH,2022-06-19,10,M,165,70591.9833241505
UTTAR PRADESH,2022-06-20,10,M,163,74213.06507584022
UTTAR PRADESH,2022-06-21,10,M,157,79533.82530731475
UTTAR PRADESH,2022-06-22,10,M,154,78671.23515769944
UTTAR PRADESH,2022-06-23,10,M,159,81365.59424073424
UTTAR PRADESH,2022-06-24,10,M,156,81324.85880999349
UTTAR PRADESH,2022-06-25,10,M,154,78539.14015854284
UTTAR PRADESH,2022-06-26,10,M,146,84738.0170763745
UTTAR PRADESH,2022-06-27,10,M,148,94824.81300219125
UTTAR PRADESH,2022-06-28,10,M,136,95382.69896193768
UTTAR PRADESH,2022-06-29,10,M,132,98232.6232208449
UTTAR PRADESH,2022-06-30,10,M,112,93763.77774234698
UTTAR PRADESH,2022-07-01,10,M,100,87284.33309999999
UTTAR PRADESH,2022-07-02,10,L,85,96595.48733564018
UTTAR PRADESH,2022-07-03,10,L,69,102614.08317580342
UTTAR PRADESH,2022-07-04,10,M,56,90093.00382653065
UTTAR PRADESH,2022-07-05,10,L,43,77232.4824229313
UTTAR PRADESH,2022-07-06,10,M,34,123813.32525951549
UTTAR PRADESH,2022-07-07,10,L,23,43622.93383742904
UTTAR PRADESH,2022-07-08,10,XL,13,88968.89940828399
UTTAR PRADESH,2022-07-09,10,XXL,3,51506.0
UTTARAKHAND,2022-04-01,10,S,1,0.0
UTTARAKHAND,2022-04-02,10,L,5,198122.6399999999
UTTARAKHAND,2022-04-03,10,L,8,142628.25
UTTARAKHAND,2022-04-04,10,L,9,126814.46913580247
UTTARAKHAND,2022-04-05,10,L,12,177901.30555555562
UTTARAKHAND,2022-04-06,10,L,16,149942.12109375
UTTARAKHAND,2022-04-07,10,L,18,140888.25000000012
UTTARAKHAND,2022-04-08,10,XL,20,89355.84749999992
UTTARAKHAND,2022-04-09,10,L,22,126765.58057851251
UTTARAKHAND,2022-04-10,10,L,23,121611.27032136102
UTTARAKHAND,2022-04-11,10,L,28,131103.5242346938
UTTARAKHAND,2022-04-12,10,XXL,28,69903.20918367349
UTTARAKHAND,2022-04-13,10,S,30,94131.63222222216
UTTARAKHAND,2022-04-14,10,M,35,79102.19102040824
UTTARAKHAND,2022-04-15,10,L,34,70372.69290657435
UTTARAKHAND,2022-04-16,10,L,40,69904.93437499995
UTTARAKHAND,2022-04-17,10,L,44,65679.06353305781
UTTARAKHAND,2022-04-18,10,L,50,64964.63359999994
UTTARAKHAND,2022-04-19,10,L,51,63465.680123029684
UTTARAKHAND,2022-04-20,10,L,51,64805.90772779699
UTTARAKHAND,2022-04-21,10,L,49,44923.38775510213
UTTARAKHAND,2022-04-22,10,L,48,45371.513888888934
UTTARAKHAND,2022-04-23,10,L,47,69927.97464916256
UTTARAKHAND,2022-04-24,10,L,46,68278.37854442338
UTTARAKHAND,2022-04-25,10,L,45,69883.86172839499
UTTARAKHAND,2022-04-26,10,L,40,69980.39437499997
UTTARAKHAND,2022-04-27,10,M,35,72200.878367347
UTTARAKHAND,2022-04-28,10,M,38,68528.5463988919
UTTARAKHAND,2022-04-29,10,M,36,78036.8233024691
UTTARAKHAND,2022-04-30,10,M,33,99392.06244260794
UTTARAKHAND,2022-05-01,10,L,37,119433.43462381302
UTTARAKHAND,2022-05-02,10,L,38,119556.91481994459
UTTARAKHAND,2022-05-03,10,L,37,93475.60262965673
UTTARAKHAND,2022-05-04,10,L,40,90888.32437499997
UTTARAKHAND,2022-05-05,10,L,43,91627.3163872363
UTTARAKHAND,2022-05-06,10,L,39,95243.641025641
UTTARAKHAND,2022-05-07,10,L,39,96081.32675871137
UTTARAKHAND,2022-05-08,10,L,39,88482.29322813946
UTTARAKHAND,2022-05-09,10,L,36,80001.65663580247
UTTARAKHAND,2022-05-10,10,L,37,76221.21110299492
UTTARAKHAND,2022-05-11,10,S,31,100518.06035379798
UTTARAKHAND,2022-05-12,10,S,34,132218.3953287198
UTTARAKHAND,2022-05-13,10,M,29,125505.48156956013
UTTARAKHAND,2022-05-14,10,S,30,158167.44999999995
UTTARAKHAND,2022-05-15,10,S,27,125096.06858710566
UTTARAKHAND,2022-05-16,10,S,28,104219.6670918368
UTTARAKHAND,2022-05-17,10,S,28,106165.28954081633
UTTARAKHAND,2022-05-18,10,M,24,127466.7430555555
UTTARAKHAND,2022-05-19,10,L,29,76238.23543400719
UTTARAKHAND,2022-05-20,10,L,29,80168.50891795475
UTTARAKHAND,2022-05-21,10,L,29,79872.62544589769
UTTARAKHAND,2022-05-22,10,L,26,81604.37869822484
UTTARAKHAND,2022-05-23,10,L,31,75734.1914672216
UTTARAKHAND,2022-05-24,10,L,31,68665.1238293444
UTTARAKHAND,2022-05-25,10,L,31,83142.88657648285
UTTARAKHAND,2022-05-26,10,L,30,74957.4622222223
UTTARAKHAND,2022-05-27,10,L,28,79100.66709183669
UTTARAKHAND,2022-05-28,10,L,26,81315.52071005909
UTTARAKHAND,2022-05-29,10,L,22,68640.67148760322
UTTARAKHAND,2022-05-30,10,L,21,63394.058956916095
UTTARAKHAND,2022-05-31,10,XL,23,107272.42722117197
UTTARAKHAND,2022-06-01,10,XL,26,101180.22485207103
UTTARAKHAND,2022-06-02,10,XL,24,126283.95659722213
UTTARAKHAND,2022-06-03,10,XL,25,144091.36
UTTARAKHAND,2022-06-04,10,XL,25,144091.36
UTTARAKHAND,2022-06-05,10,XL,24,149904.0815972223
UTTARAKHAND,2022-06-06,10,XL,25,144008.8896
UTTARAKHAND,2022-06-07,10,L,26,134090.0014792899
UTTARAKHAND,2022-06-08,10,L,32,111980.8115234375
UTTARAKHAND,2022-06-09,10,L,35,104594.3640816327
UTTARAKHAND,2022-06-10,10,L,39,98553.41617357003
UTTARAKHAND,2022-06-11,10,L,36,77816.30478395056
UTTARAKHAND,2022-06-12,10,L,36,73733.98996913579
UTTARAKHAND,2022-06-13,10,L,38,66006.2887811634
UTTARAKHAND,2022-06-14,10,L,36,62122.82330246916
UTTARAKHAND,2022-06-15,10,L,36,73449.8302469136
UTTARAKHAND,2022-06-16,10,L,33,73431.08723599627
UTTARAKHAND,2022-06-17,10,L,29,52515.45303210459
UTTARAKHAND,2022-06-18,10,XL,26,88337.0
UTTARAKHAND,2022-06-19,10,XL,23,89575.36862003774
UTTARAKHAND,2022-06-20,10,XL,20,97814.32749999996
UTTARAKHAND,2022-06-21,10,XL,21,105002.79365079355
UTTARAKHAND,2022-06-22,10,XL,23,103729.30056710768
UTTARAKHAND,2022-06-23,10,XL,24,112281.33159722225
UTTARAKHAND,2022-06-24,10,XL,26,105608.90532544366
UTTARAKHAND,2022-06-25,10,XL,26,96070.82248520711
UTTARAKHAND,2022-06-26,10,M,24,34769.90972222213
UTTARAKHAND,2022-06-27,10,M,23,33993.35727788287
UTTARAKHAND,2022-06-28,10,M,22,46389.08264462801
UTTARAKHAND,2022-06-29,10,M,18,53454.42283950606
UTTARAKHAND,2022-06-30,10,M,18,63441.11111111124
UTTARAKHAND,2022-07-01,10,M,16,66805.40234375
UTTARAKHAND,2022-07-02,10,M,13,51489.5976331362
UTTARAKHAND,2022-07-03,10,M,12,55765.85416666663
UTTARAKHAND,2022-07-04,10,M,7,72120.12244897964
UTTARAKHAND,2022-07-05,10,L,6,43062.138888888934
UTTARAKHAND,2022-07-06,10,S,5,73978.95999999996
UTTARAKHAND,2022-07-07,10,S,3,123086.0
UTTARAKHAND,2022-07-08,10,XXL,2,172640.25
UTTARAKHAND,2022-07-09,10,M,1,0.0
WEST BENGAL,2022-04-01,10,XXL,4,1586.0
WEST BENGAL,2022-04-02,10,XXL,16,5772.65234375
WEST BENGAL,2022-04-03,10,L,27,37737.58299039776
WEST BENGAL,2022-04-04,10,XL,41,81057.17192147532
WEST BENGAL,2022-04-05,10,L,54,38995.74074074067
WEST BENGAL,2022-04-06,10,L,70,61120.7624489796
WEST BENGAL,2022-04-07,10,L,83,63905.34504282195
WEST BENGAL,2022-04-08,10,L,95,61310.055844875285
WEST BENGAL,2022-04-09,10,L,110,60166.33561983466
WEST BENGAL,2022-04-10,10,L,120,57759.479930555564
WEST BENGAL,2022-04-11,10,L,131,57047.46739700489
WEST BENGAL,2022-04-12,10,L,138,62069.08674648177
WEST BENGAL,2022-04-13,10,L,143,65265.678126069775
WEST BENGAL,2022-04-14,10,L,166,65570.69796051679
WEST BENGAL,2022-04-15,10,L,156,68050.33711374091
WEST BENGAL,2022-04-16,10,L,155,63150.94676378777
WEST BENGAL,2022-04-17,10,L,152,62420.96052631579
WEST BENGAL,2022-04-18,10,L,154,61360.721032214526
WEST BENGAL,2022-04-19,10,L,150,62511.245555555506
WEST BENGAL,2022-04-20,10,L,150,64499.1550666666
WEST BENGAL,2022-04-21,10,L,146,66071.28659223125
WEST BENGAL,2022-04-22,10,L,140,63018.00872448983
WEST BENGAL,2022-04-23,10,L,134,62114.28274671419
WEST BENGAL,2022-04-24,10,M,121,84332.73820094258
WEST BENGAL,2022-04-25,10,M,121,88977.57516563073
WEST BENGAL,2022-04-26,10,M,127,86882.6413292826
WEST BENGAL,2022-04-27,10,M,124,77226.03401404788
WEST BENGAL,2022-04-28,10,L,121,70746.74134280451
WEST BENGAL,2022-04-29,10,L,118,70570.4334961219
WEST BENGAL,2022-04-30,10,XL,116,53795.06205410225
WEST BENGAL,2022-05-01,10,L,117,70832.09525896708
WEST BENGAL,2022-05-02,10,L,122,68925.36092448264
WEST BENGAL,2022-05-03,10,XL,133,62719.78189835494
WEST BENGAL,2022-05-04,10,XL,134,57585.01670750731
WEST BENGAL,2022-05-05,10,XL,139,59616.06697375915
WEST BENGAL,2022-05-06,10,XL,130,65225.35171597637
WEST BENGAL,2022-05-07,10,XL,123,68671.45204574004
WEST BENGAL,2022-05-08,10,XL,122,65923.06241601723
WEST BENGAL,2022-05-09,10,L,120,71767.61972222221
WEST BENGAL,2022-05-10,10,L,128,75696.40014648438
WEST BENGAL,2022-05-11,10,L,120,77285.8110416666
WEST BENGAL,2022-05-12,10,L,108,85217.57098765438
WEST BENGAL,2022-05-13,10,L,100,82397.44160000002
WEST BENGAL,2022-05-14,10,L,95,85582.44166204985
WEST BENGAL,2022-05-15,10,L,94,83112.8841104572
WEST BENGAL,2022-05-16,10,L,97,88835.68838346266
WEST BENGAL,2022-05-17,10,L,94,91851.73800362146
WEST BENGAL,2022-05-18,10,L,89,90414.96654462814
WEST BENGAL,2022-05-19,10,L,82,80069.18143961922
WEST BENGAL,2022-05-20,10,L,74,86362.11559532501
WEST BENGAL,2022-05-21,10,L,77,80797.0737055153
WEST BENGAL,2022-05-22,10,XXL,78,72929.8895463511
WEST BENGAL,2022-05-23,10,L,79,84437.94520108966
WEST BENGAL,2022-05-24,10,L,86,74652.06435911299
WEST BENGAL,2022-05-25,10,L,82,81533.49152290303
WEST BENGAL,2022-05-26,10,XXL,81,62418.25727785396
WEST BENGAL,2022-05-27,10,XXL,86,64122.20619253657
WEST BENGAL,2022-05-28,10,XXL,86,68110.55056787445
WEST BENGAL,2022-05-29,10,M,84,68794.82936507941
WEST BENGAL,2022-05-30,10,M,90,72455.49888888892
WEST BENGAL,2022-05-31,10,M,88,83227.57941632235
WEST BENGAL,2022-06-01,10,M,91,83024.33136094682
WEST BENGAL,2022-06-02,10,M,96,73485.60319010413
WEST BENGAL,2022-06-03,10,M,99,73158.99724517908
WEST BENGAL,2022-06-04,10,M,100,74917.14749999996
WEST BENGAL,2022-06-05,10,M,96,63944.0771484375
WEST BENGAL,2022-06-06,10,M,99,67199.2084481176
WEST BENGAL,2022-06-07,10,M,97,68619.56828568398
WEST BENGAL,2022-06-08,10,M,89,83096.9748769094
WEST BENGAL,2022-06-09,10,M,88,76376.11157024786
WEST BENGAL,2022-06-10,10,M,92,70289.27445652173
WEST BENGAL,2022-06-11,10,M,93,75470.35749797663
WEST BENGAL,2022-06-12,10,M,88,76682.45402892563
WEST BENGAL,2022-06-13,10,XXL,91,90958.60089361179
WEST BENGAL,2022-06-14,10,XXL,90,75803.70320987655
WEST BENGAL,2022-06-15,10,XXL,95,64167.25473684212
WEST BENGAL,2022-06-16,10,XXL,95,57252.06692520768
WEST BENGAL,2022-06-17,10,XXL,101,67391.04734829918
WEST BENGAL,2022-06-18,10,XXL,105,67420.06585034012
WEST BENGAL,2022-06-19,10,XXL,97,64943.15633967472
WEST BENGAL,2022-06-20,10,XXL,97,63153.78722499724
WEST BENGAL,2022-06-21,10,XXL,98,52452.122032486484
WEST BENGAL,2022-06-22,10,XXL,98,54884.1907538526
WEST BENGAL,2022-06-23,10,XXL,97,54080.860877882864
WEST BENGAL,2022-06-24,10,XXL,95,63743.28930747928
WEST BENGAL,2022-06-25,10,XXL,84,69317.89951814059
WEST BENGAL,2022-06-26,10,XXL,76,70635.63625346258
WEST BENGAL,2022-06-27,10,XXL,69,54718.366729678644
WEST BENGAL,2022-06-28,10,3XL,67,75921.28269102261
WEST BENGAL,2022-06-29,10,XXL,65,79297.62982248527
WEST BENGAL,2022-06-30,10,XXL,55,81042.03107438021
WEST BENGAL,2022-07-01,10,3XL,49,89085.56684714701
WEST BENGAL,2022-07-02,10,L,42,69328.73299319728
WEST BENGAL,2022-07-03,10,M,38,105178.55193905818
WEST BENGAL,2022-07-04,10,3XL,33,112557.50413223146
WEST BENGAL,2022-07-05,10,L,27,50420.888888888934
WEST BENGAL,2022-07-06,10,L,20,43830.38750000001
WEST BENGAL,2022-07-07,10,L,14,34036.28571428574
WEST BENGAL,2022-07-08,10,M,6,22861.22222222219
WEST BENGAL,2022-07-09,10,6XL,1,0.0
